BENCHMARK NUMBER,1,9,13,14,16,19,23,25,28,30,32,34,39,46,54,73,78,79,80,82,88,90,91,92,93,95,96,97,99,107,113,119,121,124,125,128,134,136,137,139,140,142,146,151,152,155,161,169,179,181,192,197,198,200,206,208,209,210,211,212,213,214,216,217,218,219,220,221,222,224,225,226,227,228,229,234,237,241,243,245,246,247,253,254,256,257,258,261,262,264,265,267,268,271,272,273,274,275,276,277,278,279,280,285,287,288,289,291,294,295,296,297,298,299,302,305,306,308,309,310,311,312,313,314,315,316,317,318,319,320,321,322,323,324,325,326,327,328,330,331,333,334,335,336,337,338,339,340,341,342,344,345,346,348,349,350,352,353,355,356,357,358,360,361,362,363,364,365,366,367,368,370,371,372,373,374,375,376,378,379,380,381,383,385,387,388,389,390,392,393,394,395,396,397,398,399,401,402,403,404,407,408,409,411,413,414,416,417,418,419,420,421,423,424,425,426,427,429,430,432,433,435,436,437,438,439,441,442,443,444,445,453,454,455,456,457,458,459,465,467,468,469,470,471,473,474,475,476,477,478,479,480,481,482,485,486,487,488,489,490,491,492,494,495,496,497,498,501,502,504,505,506,508,509,510,511,512,513,514,515,516,517,519,520,521,522,523,524,525,526,527,529,530,531,532,533,534,535,536,537,538,540,541,542,543,544,545,546,547,548,549,550,551,552,553,554,555,556,557,558,559,560,561,563,564,565,567,568,569,572,573,574,577,578,579,580,582,584,585,586,587,588,589,590,591,592,593,594,595,596,598,599,600,614,615,616,620,630NORTHING,1899922.177,1905789.999,1879222.6,1873844.031,1868652.746,1884621.531,1868110.638,1860206.539,1856367.956,1853176.397,1911965.309,1905362.16,1916167.322,1921444.348,1915594.731,1909529.261,1899795.093,1894513.309,1894501.341,1889137.185,1873736.324,1873593.178,1873485.684,1868427.099,1868298.621,1863297.353,1863013.933,1862868.625,1857842.524,1847807.49,1847260.547,1843793.78,1839923.745,1835329.256,1835256.851,1844267.957,1836320.644,1830658.558,1827946.572,1819322.056,1816677.752,1831425.977,1826105.021,1816503.435,1878549.951,1862708.229,1852368.233,1899715.18,1915360.989,1925840.645,1931739.064,1942160.678,1948752.56,1947562.543,1842489.478,1867626.039,1862908.788,1866702.56,1866571.582,1928200.386,1922889.554,1917906.536,1913448.464,1918505.735,1923767.11,1928129.104,1928004.151,1922980.541,1917362.395,1913219.348,1917170.176,1919830.516,1922468.23,1925107.077,1929074.39,1939975.263,1945304.819,1950310.199,1923694.285,1924093.83,1924010.517,1929209.028,1836152.179,1834193.108,1844786.212,1844851.436,1845750.776,1903250.331,1908315.689,1907641.44,1907782.494,1914068.783,1913596.888,1918927.92,1918836.663,1919225.782,1930846.133,1941921.885,1897632.37,1897507.461,1892303.578,1891401.422,1891911.808,1885830.432,1886982.573,1886625.997,1889159.411,1881947.859,1881862.794,1877114.234,1874255.484,1942591.602,1876896.211,1858716.409,1871455.281,1857590.303,1865481.568,1865860.17,1861370.876,1860602.521,1855448.025,1853471.982,1847346.92,1856152.684,1855210.444,1937543.148,1932023.091,1926712.266,1931121.285,1926292.736,1910462.346,1905620.753,1855824.849,1851130.862,1847971.378,1850535.929,1850884.54,1850732.893,1845380.194,1845303.276,1852211.747,1834013.459,1933039.503,1938919.693,1934130.157,1934185.801,1934123.202,1936944.127,1939595.026,1941749.006,1907807.247,1902761.81,1897411.93,1836407.2,1897244.723,1881013.408,1875978.034,1873487.866,1870864.51,1865507.017,1862683.604,1865458.795,1860260.592,1860102.11,1860221.575,1835507.094,1831024.168,1872972.558,1868021.964,1862314.468,1864949.376,1841646.561,1841884.09,1860310.577,1854944.761,1854225.788,1847154.405,1849823.894,1849801.632,1873227.293,1842978.81,1836740.9,1825797.965,1820133.775,1819559.539,1819331.567,1829677.493,1920903.666,1920532.583,1938318.904,1934775.279,1920384.447,1925551.371,1931753.459,1905193.057,1937507.247,1914342.624,1926181.514,1904992.393,1847896.189,1926264.157,1926353.066,1918737.974,1831349.023,1879221.871,1847573.726,1840703.03,1912636.151,1910222.916,1931485.347,1903069.405,1883867.931,1871665.718,1841571.094,1847164.342,1910182.889,1931804.891,1947829.066,1835284.264,1920864.562,1862217.625,1848075.485,1846766.792,1851789.115,1846592.041,1851940.332,1857079.024,1934713.909,1932177.28,1936902.662,1928322.33,1888852.379,1893700.987,1856674.433,1858282.557,1842369.36,1839618.067,1839710.148,1835367.008,1916063.887,1918637.172,1924337.396,1869729.801,1913917.646,1858588.446,1942006.881,1931854.237,1945354.94,1946906.382,1950168.184,1863973.562,1861747.931,1861047.219,1884298.533,1870394.196,1944519.492,1949665.576,1933374.485,1934154.805,1866032.819,1828478.954,1839415.655,1888752.956,1889788.582,1890052.124,1849566.774,1849684.481,1921040.258,1921499.954,1894974.307,1892242.434,1892114.146,1886669.904,1884283.105,1853326.375,1939976.685,1920641.508,1929106.544,1923066.766,1827091.969,1905130.582,1844402.634,1833909.409,1833819.548,1839669.987,1838191.214,1834266.621,1832789.91,1922786.856,1828964.369,1828426.174,1828867.48,1836497.312,1836371.529,1849101.271,1915730.423,1874983.151,1875749.901,1875872.055,1875333.529,1875969.631,1870957.418,1870519.946,1870304.538,1869559.518,1869968.474,1864170.047,1865211.491,1859908.303,1865528.104,1846929.364,1839238.87,1841865.692,1823945.046,1823332.071,1813922.33,1819412.259,1817611.83,1825238.522,1833307.653,1832692.472,1837926.418,1839778.408,1850562.461,1870324.531,1896730.628,1910233.577,1946946.584,1942258.673,1940092.294,1939643.745,1942633.976,1875669.066,1902245.816,1897105.293,1895819.202,1903561.923,1908176.542,1935876.224,1937228,1942960.955,1900809.994,1835152.796,1826465.92,1825090.916,1873444.331,1910578.285,1936971.951,1937429.698,1936270.454,1865528.104,1923948.639,1831287.119,1923870.558,1925547.036,1920486.148,1914941.869,1915889.263EASTING,1175111.006,1177362.234,1177801.084,1177537.629,1182490.604,1172107.075,1187896.299,1186739.434,1194705.084,1198818.729,1170371.791,1164941.369,1171238.754,1170543.118,1144042.159,1144519.582,1151117.719,1156014.763,1151250.284,1151091.165,1172111.104,1166153.035,1161117.676,1171219.82,1166296.27,1177831.383,1171742.3,1166424.709,1172553.491,1198382.702,1172531.448,1193814.114,1197885.125,1201540.128,1205107.71,1164077.902,1164576.896,1200618.933,1199931.57,1198768.467,1200076.221,1182878.013,1178409.569,1179989.67,1155762.637,1156094.289,1156435.564,1147079.064,1127750.478,1133006.833,1170020.191,1153896.335,1164482.602,1153980.411,1198201.171,1140277.76,1139780.744,1134315.386,1129618.196,1146477.417,1146743.592,1145934.793,1141066.614,1141910.427,1141689.489,1141604.883,1136206.989,1136430.561,1136572.611,1129704.525,1130273.043,1127939.36,1130106.387,1127662.665,1156896.171,1167046.028,1167069.37,1162021.111,1171621.805,1167627.867,1162349.468,1160823.403,1183514.942,1182481.419,1180530.264,1185419.053,1191104.444,1152606.821,1162935.249,1151806.573,1148178.387,1167351.492,1162574.868,1172560.057,1168490.961,1161989.759,1143869.171,1127451.935,1158515.625,1153712.194,1158558.516,1173156.595,1153649.151,1169647.426,1158177.532,1153468.661,1177629.404,1179890.74,1164225.548,1184291.938,1186070.803,1158836.53,1179684.72,1193005.134,1185112.712,1188308.503,1185125.403,1175346.738,1180283.034,1174745.562,1191195.837,1182529.424,1167490.227,1185164.396,1180568.09,1164536.121,1164340.046,1164535.114,1159427.115,1159962.698,1159808.874,1160355.642,1175216.175,1196640.427,1188627.365,1191272.464,1185884.861,1180067.956,1196564.022,1174827.981,1167361.853,1176892.892,1151128.314,1151673.827,1146418.803,1140390.827,1135556.214,1132899.727,1135556.569,1132887.13,1141515.19,1141706.134,1149715.815,1162672.197,1144605.263,1158419.577,1155925.321,1168807.934,1158922.484,1169023.675,1161840.087,1164389.36,1169785.062,1164489.898,1158551.908,1156469.028,1157304.043,1150803.609,1150989.641,1150434.958,1153591.083,1171970.238,1167639.831,1153706.753,1169929.696,1164697.869,1178268.238,1170073.246,1164770.515,1145500.666,1188146.297,1172439.084,1173490.848,1173674.45,1196118.729,1201373.451,1195669.552,1133226.496,1143707.737,1143653.944,1156953.844,1122162.051,1121970.656,1133230.764,1144042.318,1168255.402,1173944.533,1137984.915,1138511.315,1193979.231,1154701.861,1148598.84,1151834.747,1162459.525,1166110.077,1183434.923,1201520.503,1157708.23,1149780.08,1138820.611,1163168.112,1147195.844,1180330.337,1164382.238,1164836.292,1128370.048,1149209.758,1159403.583,1195183.099,1149526.673,1145822.408,1156347.269,1151940.819,1152451.109,1146316.483,1146138.117,1151241.76,1130321.82,1127988.532,1123011.872,1118587.448,1147717.71,1147404.853,1156139.327,1167037.815,1183027.374,1185931.165,1191822.389,1151698.952,1159645.318,1156913.678,1151602.647,1178906.651,1136394.258,1177656.955,1143613.907,1154527.735,1136140.544,1132758.922,1155835.609,1132247.387,1130176.465,1135007.273,1180391.427,1147581.076,1124958.705,1124055.1,1124284.324,1119582.851,1179953.589,1170407.741,1180037.279,1161703.898,1165984.257,1170891.971,1158836.937,1154436.887,1165776.153,1159901.613,1170900.83,1168830.132,1164054.7,1167599.774,1167495.535,1177823.609,1161926.347,1138828.701,1151285.303,1125086.516,1154933.565,1149261.99,1169899.727,1170641.716,1164653.07,1164360.619,1159828.519,1160644.923,1154711.55,1120136.835,1160062.608,1165255.565,1180606.881,1167510.946,1178021.972,1148507.28,1155320.195,1142471.095,1149041.873,1153462.893,1158303.035,1164379.24,1164190.507,1152924.777,1143044.931,1137224.973,1131543.751,1136735.524,1148065.169,1148879.627,1158405.461,1161753.422,1170324.157,1177265.362,1171226.117,1175912.808,1180624.382,1190427.359,1197415.333,1195680.007,1199918.286,1202839.856,1202856.567,1194541.009,1200204.495,1169253.682,1168077.193,1138451.459,1127339.171,1124435.482,1141766.647,1146013.806,1163957.534,1145433.712,1136410.922,1139185.016,1141700.551,1173270.162,1167638.754,1143242.468,1159003.132,1138428.257,1165837.53,1204761.356,1163027.594,1168184.656,1156137.528,1155078.8,1153728.135,1148648.202,1127659.995,1158405.461,1156713.846,1205075.272,1144435.382,1146554.228,1141839.515,1146361.352,1130355.263ELEVATION,17.64,12.892,16.307,16.222,13.902,13.203,9.054,7.643,7.957,9.138,13.334,16.464,17.965,14.211,30.52,30.666,22.078,13.566,20.623,14.84,12.21,14.545,11.834,12.748,12.54,22.109,15.84,17.679,15.805,8.164,17.725,17.843,10.054,7.756,6.308,79.319,78.85,4.338,4.153,5.432,7.774,9.831,27.011,11.885,13.042,24.077,38.293,25.299,66.828,45.441,8.214,15.253,10.315,15.075,5.754,25.382,35.855,33.643,34.697,25.117,24.31,26.8,34.798,34.041,33.932,34.601,40.308,40.489,40.444,66.827,65.066,63.436,60.235,63.27,13.786,8.118,9.629,20.245,10.811,19.834,17.099,16.515,12.786,12.326,6.768,5.491,4.39,22.286,17.012,22.866,25.185,12.402,13.569,12.354,18.519,11.364,30.704,67.065,14.657,18.421,12.909,11.614,14.73,12.448,12.463,13.022,13.572,17.667,12.886,16.631,12.396,14.809,18.261,4.468,12.226,7.329,10.619,17.043,9.584,20.953,6.746,5.927,25.367,5.641,8.566,20.243,20.858,19.201,15.629,12.091,16.677,21.645,14.248,5.54,3.977,6.259,5.613,8.422,8.71,16.706,23.357,23.099,15.715,18.742,28.943,32.078,42.227,42.904,41.463,40.856,30.004,29.903,23.757,85.407,27.987,13.796,15.224,14.335,15.465,14.694,22.08,16.374,16.059,22.186,24.495,42.697,43.112,19.602,22.863,27.598,24.135,19.448,37.67,26.476,19.139,24.788,8.089,22.603,27.688,16.447,9.642,28.62,33.917,22.514,5.773,6.894,6.395,59.915,33.727,30.179,30.14,48.872,54.007,42.059,28.237,6.624,20.136,37.958,39.383,4.995,12.304,20.376,18.284,66.945,13.398,7.046,7.828,17.604,24.842,37.189,16.184,16.262,19.799,82.845,35.198,47.802,22.596,31.973,5.317,22.221,31.325,42.619,41.601,38.892,41.5,40.804,37.834,62.09,65.755,74.655,52.104,21.967,23.218,29.966,21.484,9.11,17.329,4.726,41.221,15.656,12.999,15.393,19.061,41.926,8.445,32.151,15.78,40.794,43.211,17.095,33.556,36.409,36.2,21.324,21.119,72.084,75.421,68.83,53.779,12.658,35.088,16.218,13.27,11.397,11.637,41.865,39.781,17.844,11.275,14.22,12.134,11.493,11.106,12.323,8.705,34.2,39.186,17.866,58.932,34.281,24.572,25.729,43.81,82.972,79.413,57.925,58.596,41.742,49.397,53.661,43.069,10.506,45.769,21.276,40.692,18.645,14.392,15.781,15.226,12.872,13.406,14.205,21.567,16.984,15.572,13.13,36.759,25.325,36.825,0,85.278,31.173,16.149,28.529,42.362,21.76,5.778,4.725,5.524,4.547,4.965,7.372,4.355,6.318,13.776,13.914,39.308,57.614,77.606,31.198,27.485,21.284,15.821,38.428,30.682,29.015,12.809,12.284,31.218,23.34,40.161,15.815,7.95,62.513,28.989,17.319,19.738,16.195,25.693,70.309,21.921,11.448,6.456,30.483,25.097,34.382,25.929,65.167LOCATION DESCRIPTION,MARK CUT ON TOP OF BOTTOM STONE OF GRANITE BASE AT S.E. CORNER OF NORTHERN TRUST CO. BANK BUILDING 3.22' ABOVE SIDEWALK. CAISSONS TO ROCK.,4 FEET E. OF E. LINE OF  MICHIGAN TO W.,13 FEET E. OF THE W. LINE OF S. MICHIGAN AVENUE.,19 FEET  W. OF  E. LINE OF S. WABASH AVENUE.,76.5 FEET W. OF THE E. LINE OF COTTAGE GROVE AVENUE,10.6 FEET E. OF THE W. LINE OF S. UNION AVE.,5 FEET E. OF STONY ISLAND AVENUE,12.7 FEET W. OF E. LINE OF DORCHESTER AVE,9.5 FEET N. OF S. LINE OF E. 74TH ST.,4 FEET  W. OF  BRANDON AVENUE,10.7 FEET W. OF  THE E. LINE OF DAYTON STREET,10 FEET  W. OF  THE E. LINE OF N. PAULINA STREET,10 FEET N. OF S. LINE OF FULLERTON PKWY,144 FEET E. OF N. HALSTED STREET,14.5 FEET N. OF FULLERTON AVENUE,9 FEET N. OF THE S. LINE OF W. LEMOYNE AVENUE,98.3 FEET E. OF THE W. LINE OF N. HAMLIN AVENUE,13.6 FEET N. OF S. LINE OF W. ROOSEVELT ROAD,10.4 FEET N. OF W. ROOSEVELT ROAD,6.8 FEET E. OF AVERS AVENUE,9.5 FEET W. OF E. LINE OF EMERALD,9.3 FEET W. OF THE E. LINE OF S. MARSHFIELD AVENUE,9.5 FEET E. OF THE W. LINE OF S. WESTERN AVENUE,12 FEET E. OF W. LINE OF PEORIA STREET,10 FEET W. OF THE E. LINE OF S. MARSHFIELD AVENUE,17.5 FEET W. OF E. LINE OF WABASH AVENUE,12 FEET W. OF E. LINE OF S. GREEN STREET,14.3 FEET W. OF THE E. LINE OF MARSHFIELD AVENUE,12.3 FEET W. OF E. LINE OF EMERALD AVENUE,9 FEET E. OF W. LINE OF BALTIMORE AVENUE,10.1 FEET S. OF N. LINE OF W. 87TH STREET,13.7 FEET S. OF N. LINE OF E. 93RD ST.,9.5 FEET N.OF THE N. LINE OF E. 99TH STREET,9.5 FEET W. OF E. LINE OF AVENUE M,9.5 FEET N. OF S. LINE OF E. 106TH STREET,10.8 FEET N. OF S. LINE OF W. 91ST STREET,12.7 FEET N. OF S. LINE OF W. 103RD STREET,12.8 FEET S. OF N. LINE OF E. 113TH STREET,4 FEET S. OF S. LINE OF  E. 117TH STREET,12.8 W. OF E. LINE OF HOUSTON AVENUE,9 FEET E. OF W. LINE OF BUFFALO AVENUE,10.5 FEET E. OF W. LINE OF LANGLEY AVENUE,19.3 FEET W. OF E. LINE OF S. STATE STREET,9.5 FEET N. OF S. LINE OF E. 134TH STREET,10.4 FEET N. OF S. LINE OF W. PERSHING ROAD,9 FEET S. OF N. OF W. 63RD STREET,1.5 FEET W. OF E. LINE OF S. KEDZIE,3.3 FEET N. OF N. LINE OF MADISON STREET,12.2 FEET SOUTHERLY OF NORTHERLY LINE OF GRAND AVENUE,"9 FEET W. OF E. LINE OF NARRAGANSETT AVENUE
66.4 FEET S. OF CENTER LINE OF IRVING PARK BLVD. (SEC LINE)",3.6 FEET W. OF W. LINE OF CLARENDON AVENUE,64.4 FEET S. OF S. LINE OF DEVON AVE,13.6 FEET S. OF N. LINE OF SHERWIN AVENUE,"ABOUT 4' S. OF N. LINE OF TOUHY AVE.
ABOUT 44' E. OF THE E. LINE OF N. KEDZIE AVE.",9' S. OF THE S. LINE OF E. 95TH ST.,4.5' N. OF N. LINE OF W. 55TH ST.,11' E. OF W. LINE OF S. PARKSIDE AVE.,10.2' N. OF S. LINE OF W. 56TH ST.,9.7' N. OF S. LINE OF W. 56TH ST.,9.2' W. OF E. LINE OF LOWELL AVE.,10.2' E. OF W. LINE OF LOWELL AVE.,10.3' S. OF N. LINE OF PARKER AVE.,12' W. OF E. LINE OF N. LATROBE AVE.,8' W. OF E. LINE OF LECLAIRE AVE.,9.7' E. OF W. LINE OF LECLAIRE AVE.,12.8' S. OF N. LINE OF CULLOM AVE.,2.7' W. OF W. LINE OF N. MARMORA AVE.,9.3' W. OF E. LINE OF N. MARMORA AVE.,9.8' E. OF W. LINE OF N. MARMORA AVE.,8.8' S. OF THE N. LINE OF DICKENS AVE.,10.6' E. OF W. LINE OF NEWCASTLE AVE.,10.3' W. OF E. LINE OF N. NEVA AVE.,3' S. OF S. LINE OF CORNELIA AVE.,5.2' W. OF W. LINE N. NEVA AVE.,8' E. OF THE W. LINE OF N. CALIFORNIA AVE.,122' W. OF W. LINE OF BROADWAY,15.8' N. OF S. LINE OF PRATT BLVD.,4' S. OF S. LINE OF HOWARD ST.,15.6' S'LY FROM N'LY LINE OF CORNELIA AVE.,3.3' N. OF N. LINE OF ADDISON ST.,8.8' E. OF W. LINE OF N. DAMEN AVE.,13' S. OF N. LINE OF MONTROSE AVE.,12.2' N. OF S. LINE OF E. 104TH ST.,18.5' N. OF N. LINE OF E. 107TH ST.,23.2' N. OF N. LINE OF E. 91ST ST.,11.3' N. OF S. LINE OF E. 91ST ST.,5.7' W. OF E. LINE OF JEFFERY AVE.,21' N OF N. LINE OF FRANKLIN BLVD.,12' N. OF S. LINE OF CRYSTAL ST.,15' E. OF W. LINE OF MONTICELLO AVE.,11.8' W. OF E. LINE OF N. KILDARE AVE.,9.9' N. OF S. LINE OF W. DICKENS AVE.,11' S. OF N. LINE OF W. MCLEAN AVE.,4.8' N. OF N. LINE OF DIVERSEY PKWY.,48' N. OF N. LINE OF DIVERSEY PKWY.,11.3' N. OF S. LINE OF GEORGE ST.,11.9' S. OF N. LINE OF LELAND AVE.,14.8' S. OF N. LINE OF HIGHLAND AVE.,6.4' N. OF S. LINE OF W. CONGRESS PKWY.,11.1' S OF N. LINE OF W. CONGRESS PKWY.,11.8' S OF N. LINE OF W. 15TH PL.,"46.7' S. OF S. LINE OF W. 18TH ST.
3' E. OF E. CURB LINE",12.4' W. OF E. LINE OF S. TRUMBULL AVE.,9' W'LY OF E'LY LINE OF S. THROOP ST.,105.2' E. OF W. LINE OF S. CALIFORNIA AVE.,12.1' W. OF E. LINE OF ST. LOUIS AVE.,10.6' S. OF N. LINE OF E. 23RD ST.,10.5' N. OF N. LINE OF E. 35TH ST.,10.3' E. OF THE W. LINE OF S. WOLCOTT AVE.,12.0' N. OF S. LINE OF E. 42ND PL.,10.1' N.W'LY AT RIGHT ANGLES FROM A POINT ON S.W'LY LINE OF LAKE PARK AVE.,12.5' W. OF E. LINE OF N. ARTESIAN AVE.,10.2' N. OF S. LINE OF E. 42ND PL.,13.9' W. OF E. LINE OF OGLESBY AVE.,20.1' S. OF N. LINE OF HYDE PARK BLVD. FROM THE W.,9.6' S. OF N. LINE OF E. 72ND ST.,63.4' N. OF S. LINE OF E. 60TH ST.,13' S. OF N. LINE OF W. 59TH PL.,9.2' S. OF N. LINE OF E. 66TH ST.,14.4' E. OF W. LINE OF STEWART ST.,14.3' W. OF E. LINE OF CHAPPEL AVE.,12.6' S. OF N. LINE OF E. 78TH ST.,10' E. OF W. LINE OF JUSTINE ST.,9.8' N. OF S. LINE OF E. 74TH ST.,11.6' W OF THE E. LINE OF VERNON AVE.,12.4' N. OF S. LINE OF OLIVE AVE.,44.8' N. OF N. LINE OF W. LAWRENCE AVE.,40.2' N. OF N. LINE OF IRVING PK. BLVD.,11.1' N. OF THE S. LINE OF W. LELAND AVE.,10' E. OF W. LINE OF N. CLAREMONT,10' W. OF E. LINE OF N. ARTESIAN AVE.,11.2' S. OF N. LINE OF RICE ST.,10' E. OF W. LINE OF HARVARD AVE.,13.1' N. OF S. LINE OF E. 82ND ST.,9.5' S. OF N. LINE OF E. 86TH PL.,10.3' E. OF W. LINE OF CHAPPEL AVE.,16' S. OF N. LINE OF E. 82ND ST.,10.7' S. OF N. LINE OF E. 82ND ST.,14.5' E. OF W. LINE OF MUSKEAGON AVE.,13.3' S. OF N. LINE OF W. 90TH ST.,15.1' E. OF W. LINE OF S. JUSTINE ST.,12.2' S. OF N. LINE OF W. 107TH ST.,10.2' E. OF W. LINE OF MONTICELLO AVE.,8.7' W. OF E. LINE OF DRAKE AVE.,8.6' E. OF W. LINE OF LOWELL AVE.,8.5' E. OF W. LINE OF N. LATROBE AVE.,8.7' W. OF E. LINE OF N. MASON AVE.,72.8' N. OF N. LINE OF BRYN MAWR AVE.,8.8' E. OF W. LINE N. MASON AVE.,13' S'E'LY OF N'W'LY LINE OF HIGHLAND AVE.,9.1' N. OF S. LINE OF CRYSTAL ST.,9.5' N. OF S. LINE OF FERDINAND ST.,12' S. OF N. LINE W. CONGRESS PKWY.,8.3' W. OF E. LINE OF S. OAKLEY AVE.,11' N. OF S. LINE OF W. CONGRESS PKWY.,12.3' S. OF N. LINE OF W. 35TH PL.,8.3' S. OF N. LINE OF W. 43RD ST.,8.8' W. OF E. LINE OF S. ELIZABETH ST.,8.6' W. OF E. LINE OF S. FAIRFIELD AVE.,9' W. OF E. LINE OF S. ELIZABETH ST.,8.3' W. OF E. LINE OF S. CLAREMONT AVE.,9.7' W. OF E. LINE OF S. WINCHESTER AVE.,9.2' E. OF W. LINE OF S. MAY ST.,8.6' E. OF W. LINE OF S. WINCHESTER AVE.,8.7' W. OF E. LINE OF S. MOZART ST.,"9' S OF N. LINE OF W. 104TH ST.
.",7.8' E. OF W. LINE OF S. TROY ST.,9' E. OF W. LINE OF S. HARDING AVE.,9' W. OF E. LINE OF S. HARDING AVE.,9.4' E. OF W. LINE OF S. KOMENSKY AVE.,9.2' S. OF N. LINE OF W. 59TH PL.,8.8 FEET E. OF THE W. LINE OF S. PEORIA STREET,8.6 FEET EAST OF THE WEST LINE OF S. JUSTINE STREET,8.9 FEET SOUTH OF THE NORTH LINE OF W 66TH PLACE,8.5 FEET EAST OF THE WEST LINE OF SOUTH MAY STREET,8.2 FEET SOUTH OF THE SOUTH LINE OF W. 76TH STREET,15.9 FEET WEST OF THE EAST LINE OF S WABASH AVE,8.9 FEET EAST OF THE WEST LINE OF SOUTH MAY STREET,9.2 FEET EAST OF THE WEST LINE OF S WINCHESTER AVENUE,8.6 FEET WEST OF EAST LINE OF SOUTH KEATING AVENUE,9.9 FEET SOUTH OF THE NORTH LINE OF E 94TH STREET,9.3 FEET EAST OF THE WEST LINE OF SOUTH GREEN STREET,8.3 FEET WEST OF EAST LINE OF EMERALD AVENUE,8.7 FEET WEST OF EAST LINE OF EMERALD AVENUE,10.6 FEET WEST OF EAST LINE OF SAGINAW AVENUE,"10.1 FEET EAST OF WEST LINE OF AVENUE ""N""",8.5 FEET WEST OF THE EAST LINE OF TORRENCE AVENUE,9.0 FEET NORTH OF THE SOUTH LINE OF MELROSE STREET,9.2 FEET SOUTH OF THE NORTH LINE OF FLETCHER STREET,8.3 WEST OF A POINT ON THE EAST LINE OF KEATING AVENUE,9.1 FEET SOUTH OF THE NORTH LINE OF FARRAGUT AVENUE,20.1 NORTH OF THE NORTH LINE OF BELMONT AVENUE,8.3 EAST OF THE WEST LINE OF PACIFIC AVENUE,9.4 FEET WEST OF THE EAST LINE OF MOBILE AVENUE,11.0 FEET NORTH OF THE SOUTH LINE OF RICE STREET,10.0 FEET WEST OF THE EAST LINE OF KENMORE AVENUE,63.3 FEET EAST OF THE WEST LINE OF LINCOLN PARK WEST,9.1 FEET WEST OF THE EAST LINE OF N PARKSIDE AVENUE,8.8 FEET EAST OF THE WEST LINE OF PARKSIDE AVENUE,8.6 FEET EAST OF THE WEST LINE OF PHILLIPS AVENUE,10 FEET WEST OF THE EAST LINE OF NORTH TROY STREET,30.2 FEET NORTH OF THE NORTH LINE OF WEST IRVING PARK ROAD,8.5 FEET SOUTH OF THE NORTH LINE OF WEST WOLFRAM STREET,49.8 FEET EAST OF THE EAST LINE OF WESTERN AVENUE - PRODUCED NORTH,9.8 FEET SOUTH OF THE NORTH LINE OF WEST 38TH PLACE,8.6 FEET WEST OF THE EAST LINE OF S MARYLAND AVENUE,8.4 FEET NORTH OF THE SOUTH LINE OF EAST 98TH STREET,8.5 FEET EAST OF THE WEST LINE OF NORTH FAIRFIELD AVENUE,8.7 FEET WEST OF THE EAST LINE OF NORTH HARDING AVENUE,8.3 FEET WEST OF THE EAST LINE OF LINDER AVE,9.3 FEET N OF THE SOUTH LINE OF HUBBARD STREET,9.3 EAST OF THE WEST LINE OF KENNETH AVENUE,8.3 FEET SOUTH OF THE NORTH LINE OF E 50TH PLACE,10.0 FEET WEST OF THE EAST LINE OF SEELEY AVENUE,ABOUT 8 FEET EAST OF THE WEST LINE OF S WINCHESTER AVE,10.5 FEET WEST OF THE EAST LINE OF N NEVA AVENUE,8.4 FEET WEST OF THE EAST LINE OF HARDING AVENUE,8.7 FEET WEST OF EAST LINE OF CLAREMONT AVENUE,8.7 FEET EAST OF WEST LINE OF HOXIE AVENUE,8.3 FEET WEST OF EAST LINE OF HARDING AVENUE,8.6 FEET WEST OF EAST LINE OF KEATING AVENUE,150.8 FEET WEST OF THE WEST LINE OF S KEDZIE AVENUE,131.0 FEET NORTH OF THE NORTH LINE OF 87TH STREET,104 FEET SOUTH OF THE SOUTH LINE OF W 79TH STREET,123.0 FEET NORTH OF THE NORTH LINE OF W 87TH STREET,3.0 FEET NORTH OF THE NORTH LINE OF 1ST ALLEY NORTH OF W 79TH STREET,11.5 FEET NORTH OF THE NORTH LINE OF 1ST ALLEY SOUTH OF W 71ST STREET,13.0 FEET NORTH OF THE SOUTH LINE OF W BERWYN AVE,15.0' WEST OF THE EAST LINE OF N MONTCLARE AVENUE,10.0 FEET SOUTH OF THE NORTH LINE OF WEST SEMINOLE AVENUE,1.5 FEET WEST OF THE EAST LINE OF N CHESTER AVE,97.5 FEET SOUTH OF THE SOUTH LINE OF W CERMAK ROAD,9.0 FEET WEST OF THE WEST LINE OF ALLEY EAST OF S KOSTNER AVENUE,114.5 FEET WEST OF THE WEST LINE OF S KEDZIE AVENUE,12.0 FEET NORTH OF THE SOUTH LINE OF W 70TH STREET,11.5 FEET NE'LY OF THE SW'LY LINE OF S BURNSIDE AVE,11.0 FEET EAST OF THE WEST LINE OF SOUTH WOODLAWN AVE,15.0 FEET NORTH OF THE SOUTH LINE OF E 99TH STREET,160.0 FEET EAST OF THE EAST LINE OF S PULASKI ROAD,11.0 FEET WEST OF THE EAST LINE OF N ARTESIAN AVENUE,11.0 FEET WEST OF THE EAST LINE OF N MOZART STREET,11.0 FEET NORTH OF THE SOUTH LINE OF W WAVELAND AVE,10.5 FEET EAST OF THE WEST LINE OF S PRAIRIE AVENUE,89.0 FEET SOUTH OF THE SOUTHERLY LINE OF W GRAND AVE,110.3 FEET EAST OF THE EAST LINE OF S STATE STREET,12.9 FEET WEST OF THE EAST LINE OF N KEATING AVENUE,100.4 FEET NORTH OF THE NORTH LINE OF W LAWRENCE AVENUE,"280.0 FEET NORTHEASTERLY OF NORTHERLY LINE OF N HIAWATHA AVENUE 
(MEASURED ALONG NORTHERLY LINE OF N WILDWOOD AVENUE)",112.0 FEET NORTH OF THE NORTH LINE OF W ESTES AVENUE,47.8 FEET SOUTH OF THE SOUTH LINE OF W HOWARD STREET,11.5 FEET NORTH OF THE S LINE OF W 60TH STREET,10.6 FEET WEST OF THE EAST LINE OF S NOTTINGHAM AVENUE,10.2 FEET NORTH OF THE SOUTH LINE OF W 64TH PLACE,10.5 FEET NORTH OF THE NORTH LINE OF E 31ST PLACE,9.2 FEET WEST OF THE EAST LINE OF S KENNETH AVENUE,114.0 FEET WEST OF THE WEST LINE OF N OLEANDER AVENUE FROM THE NORTH,11.2 FEET EAST OF THE WEST LINE OF N OVERHILL AVENUE,23 FEET NORTH OF THE CENTER LINE OF W WINONA AVENUE,10.5 FEET SOUTH OF THE NORTH LINE OF W BERWYN AVENUE,55.0 FEET EAST OF THE WEST LINE OF S DR MARTIN LUTHER KING JR DR,14.5 FEET SOUTH OF THE SOUTH LINE OF W 115TH STREET,11.3 FEET SOUTH OF THE NORTH LINE OF E 99TH STREET,20.0 FEET NORTH OF THE NORTH LINE OF W 23RD ST,16.0 FEET WEST OF THE WEST LINE OF S ASHLAND AVENUE,22.4 FEET SOUTH OF THE SOUTH LINE OF W 21ST STREET,77.2 FEET NORTH OF THE NORTH LINE OF W 83RD ST,20.0 FEET WEST OF THE WEST LINE OF S ST. LOUIS AVENUE,10.8 FEET WEST OF THE EAST LINE OF N GREENVIEW AVENUE,46.1 FEET EAST OF THE EAST LINE OF N WESTERN AVENUE,104.0 FEET NORTH OF THE SOUTH LINE OF W ROOSEVELT ROAD,168 FEET EAST OF THE EAST LINE OF S RACINE AVENUE,54.0 FEET EAST OF THE EAST LINE OF S WOLCOTT AVENUE,49.5 FEET WESTERLY OF THE WESTERLY LINE OF S LOOMIS STREET,"36.0 FEET NORTHERLY OF THE NORTH LINE OF W 31ST
(MEASURED PARALLEL TO S BROAD STREET)",10.0 FEET WEST OF THE WEST LINE OF ALLEY EAST OF S STATE STREET,9.8 FEET WEST OF THE EAST LINE OF N DAMEN AVENUE,50.3 FEET SOUTH OF THE SOUTH LINE OF W BELMONT AVENUE,74.4 FEET NORTH OF THE NORTH LINE OF W MONTROSE AVENUE,25.0 FEET NORTH OF THE NORTH LINE OF W ADDISON STREET FROM THE WEST,174.3 FEET WEST OF THE WEST LINE OF S ST. LOUIS AVENUE,10.7 FEET WEST OF THE EAST LINE OF N KEYSTONE AVENUE,6.9 FEET SOUTH OF THE SOUTH LINE OF W 91ST STREET,10.0 FEET EAST OF THE WEST LINE OF S MAY STREET,9.7 FEET WEST OF THE EAST LINE OF S SEELEY AVENUE,24.0 FEET WEST OF THE WEST LINE OF S SEELEY AVENUE,10.3 FEET EAST OF THE EAST LINE OF S FAIRFIELD AVENUE,20.0 FEET EAST OF THE EAST LINE OF ALLEY EAST OF S TALMAN AVENUE,84.0 FEET EAST OF THE EAST LINE OF S DRAKE AVENUE,45.0 FEET SOUTH OF THE SOUTH LINE OF W ADDISON STREET,9.0 FEET EAST OF THE WEST LINE OF S FAIRFIELD AVENUE,"10.2 FEET EASTERLY OF THE WESTERLY LINE OF SOUTH HOMEWOOD AVENUE
(MEASURED PERPENDICULAR TO WESTERLY LINE)",9.8 FEET EAST OF THE WEST LINE OF S CALUMET AVENUE,10.5 FEET EAST OF THE WEST LINE OF S PROSPECT AVENUE,22.0 FEET WEST OF THE WEST LINE OF S STATE STREET,10.2 FEET EAST OF THE WEST LINE OF S KOSTNER AVENUE,13.2 FEET SOUTH OF THE SOUTH LINE OF W FULLERTON AVENUE,16.0 FEET SOUTH OF THE NORTH LINE OF W 44TH STREET,20.0 FEET SOUTH OF THE SOUTH LINE OF W 43RD STREET,11.0 FEET WEST OF THE EAST LINE OF S DRAKE AVENUE,10.3 FEET NORTH OF THE SOUTH LINE OF W 44TH STREET,2.5 FEET EAST OF THE WEST LINE OF S WOLCOTT AVENUE,70.5 FEET NORTH OF THE NORTH LINE OF W 51ST STREET,9.5 FEET SOUTH OF THE SOUTH LINE OF W 51ST STREET,10.0 FEET NORTH OF THE SOUTH LINE OF W 51ST STREET,29.0 FEET NORTH OF THE NORTH LINE OF W 52ND STREET,7.5 FEET NORTH OF THE SOUTH LINE OF W 51ST STREET,10.0 FEET NORTH OF THE NORTH LINE OF W 60TH STREET,59.5 FEET NORTH OF THE NORTH LINE OF W 59TH STREET,50.0 FEET NORTH OF THE NORTH LINE OF W MARQUETTE RD,99.5 FEET NORTH OF NORTH LINE OF W 59TH STREET,5.0 FEET SOUTH OF THE NORTH LINE OF W 87TH STREET,53.0 FEET NORTH OF THE NORTH LINE OF W 99TH STREET,50.0 FEET SOUTH OF THE SOUTH LINE OF W 95TH STREET,9.5 FEET NORTH OF THE NORTH LINE OF W 122ND STREET,34.0 FEET EAST OF THE EAST LINE OF S STEWART AVENUE (PRODUCED SOUTH),12.0 FEET SOUTH OF THE NORTH LINE OF E 138TH STREET,68.5 FEET NORTH OF THE NORTH LINE OF E 130TH STREET,"60.0 FEET NORTHEASTERLY OF THE CENTER LINE OF S BRAINARD AVENUE ROADWAY
(MEASURED PERPENDICULAR THERETO)",5.5 FEET NORTH OF THE SOUTH LINE OF E 121ST STREET,10.0 FEET EAST OF THE EAST LINE OF S BUFFALO AVE,26.5 FEET NORTH OF THE NORTH LINE OF E 110TH STREET,10.5 FEET NORTH OF THE SOUTH LINE OF E 102ND STREET,10.0 FEET NORTH OF THE SOUTH LINE OF E 99TH STREET,11.5 FEET NORTH OF THE SOUTH LINE OF E 83RD STREET,11.0 FEET SOUTH OF THE NORTH LINE OF W 52ND STREET,57.5 FEET SOUTH OF THE NORTH LINE OF W LEXINGTON STREET,12.0 FEET EAST OF THE WEST LINE OF N PARKSIDE AVENUE,10.5 FEET NORTH OF THE SOUTH LINE OF W FITCH AVENUE,9.0 FEET SOUTH OF THE NORTH LINE OF W ISHAM AVE,69.0 FEET NORTHERLY OF THE NORTHEASTERLY CORNER OF N CALDWELL AVENUE AND N LEADER AVENUE,12.0 FEET WEST OF THE EAST LINE OF N KOSTNER AVENUE,29.0 FEET NORTH OF THE NORTH LINE OF W DEVON AVENUE,9.5 FEET SOUTH OF THE SOUTH LINE OF W 43RD STREET,11.0 NORTH OF THE SOUTH LINE OF W LAKE STREET,10.5 FEET EAST OF THE EAST LINE OF S CENTRAL AVENUE,9.5 FEET SOUTH OF NORTH LINE OF W POLK STREET,21.5 FEET EAST OF THE NORTHEASTERLY CORNER OF N KINGSBURY STREET AND W ILLINOIS STREET,200.0 FEET WEST OF THE NORTHWEST CORNER OF W DIVISION STREET AND N ELSTON AVENUE,70.5 FEET WEST OF THE WEST LINE OF N CICERO AVENUE,9.0 FEET WEST OF THE EAST LINE OF N ARTESIAN AVENUE,"11.5 FEET SOUTHEASTERLY OF NORTHWESTERLY LINE OF N ALGONQUIN AVENUE
(MEASURED NORMAL THERETO)","5.0 FEET NORTH OF THE NORTHLINE OF W WASHINGTON BOULEVARD
(PRODUCED EAST)",11.0 FEET NORTH OF THE NORTH LINE OF ALLEY SOUTH OF E 106TH STREET,12.0 FEET DUE NORTH OF THE NORTHERLY LINE OF WEST 118TH STREET,25.5 FEET SOUTH OF THE SOUTH LINE OF W 120TH STREET,104.5 FEET NORTH OF THE NORTH LINE OF W 47TH STREET,60.0 FEET ORTH OF THE NORTH LINE OF W NORTH AVENUE,29.5 FEET SOUTH OF THE SOUTH LINE OF W BRYN MAWR AVENUE,12.0 FEET NORTH OF THE SOUTH LINE OF W HOLLYWOOD AVENUE,28.0 FEET DUE NORTH OF THE NORTHERLY LINE OF ALLEY NORTH OF W HIGGINS AVENUE,99.5 FEET NORTH OF THE NORTH LINE OF W 59TH STREET,116.0 FEET NORTH OF THE NORTH LINE OF W ADDISON STREET,4.5 FEET NORTH OF THE SOUTH LINE OF EAST 112TH STREET,11.4 FEET SOUTH OF THE NORTH LINE OF PATTERSON AVE,11.8 FEET NORTH OF THE SOUTH LINE OF BYRON ST.,9.6 FEET SOUTH OF THE NORTH LINE OF FLETCHER ST.,10.3 FEET WEST OF THE EAST LINE OF N. KENNETH AVE.,8.5 FEET SOUTH OF THE NORTH LINE OF ALTGELD STREETLOCATION DESCRIPTION 2,,19 FEET S. OF THE N. LINE OF  E. CHICAGO AVENUE,21.5 FEET N. OF E. PERSHING ROAD.,6 FEET S. OF  E.  47TH STREET.,18 FEET S. OF THE S. LINE OF E. 55TH STREET TO THE EAST,249.7 FEET N. OF W. 31 STREET,43 FEET S. OF E. 56TH STREET (6 FEET E. CURB OF STONY ISLAND AVENUE),13.8 FEET S. OF N. LINE OF E. 68TH STREET. PRODUCED W.,5.8 FEET WESTERNLY AT RIGHT ANGLES FROM SOUTHWESTERLY LINE OF EXCHANGE AVENUE,10 FEET  N. OF  S. LINE OF E. 79TH STREET,8.2 FEET N. OF WILLOW STREET,2.5 FEET  S. OF  THE S. LINE OF W. CHICAGO AVENUE,3 FEET E. OF ORCHARD STREET,9.4 FEET N. OF S. LINE OF BELMONT AVENUE,10.7 FEET W. OF E. LINE OF N. CICERO AVENUE,36.5 FEET E. OF THE E. LINE OF N. KEATING,7 FEET N. OF W. MADISON ST (IN GARFIELD PARK),82.5 FEET E. OF S. ALBANY AVE (AT N.W. CORNER OF DOUGLAS PARK),21 FEET E. OF W. LINE OF INDEPENDENCE BLVD,10 FEET S. OF THE N. LINE OF CERMAK ROAD.,2.5 FEET N. OF 47TH STREET,13.5 N. OF W. 47TH STREET,28.9 FEET N. OF THE N. LINE OF W. 47TH STREET,25.5 FEET N. OF N. LINE OF GARFIELD BLVD,28.8 FEET N. OF THE N. LINE OF GARFIELD BLVD,39.3 FEET N. OF N. LINE OF E. 63RD STREET,28 FEET S. OF S. LINE OF W. 63RD STREET,13.4 FEET S. OF THE S. LINE OF W. 63RD STREET,19 FEET N. OF N. LINE OF W. 71ST STREET,34 FEET S. OF S. LINE OF E. 87TH STREET,12.5 FEET W. OF E. LINE OF S. HALSTED STREET,10 FEET W. OF E. LINE OF YATES AVENUE,11.5 FEET W. OF THE E. LINE OF COMMERCIAL AVENUE,19.5 N. OF THE N. LINE OF E. 106TH STREET,9.5 FEET W. OF CENTER LINE OF AVENUE A (ILLINOIS/INDIANA STATE LINE),13 FEET W. OF E. LINE OF S. HOYNE AVENUE,7.3 FEET W. OF E. LINE OF S. SEELY AVENUE TO THE SOUTH,11.8 FEET E. OF E. LINE OF GREENBAY AVENUE,"8 FEET W. OF E. LINE OF S. BUFFALO AVENUE. MONUMENT IS IN A MANHOLE, 16 FEET EASTERNLY OF WATER VALVE MANHOLE AND 25 FEET SOUTHWESTERLY OF UTILITY POLE AT SOUTHEAST CORNER OF INTERSECTION",14.4 FEET S. OF S. LINE OF E. 130TH STREET,5 FEET S. OF S. LINE OF E. 134TH STREET,17.4 FEET S. OF S. LINE OF E. 111TH STREET,7 FEET N. OF N. LINE OF 119TH STREET,4.4 FEET E. OF E. LINE OF INDIANA STREET,87.8 FEET E. OF E. LINE OF S. KEDZIE AVENUE TO THE SOUTH,9.5 FEET W. OF W. LINE OF S. KEDZIE AVENUE,4.1 FEET NORTHWESTERLY OF THE NORTHWESTERLY LINE OF COLUMBUS AVE,10.8 FEET W. OF THE E. LINE OF N. KOSTNER AVE.,"30.2 FEET DUE E. FROM E. LINE OF N. HARLEM AVENUE THIS MONUMENT IS IN A MANHOLE TOPPED WITH A ""LAWN"" COVER",B.M. IS 2.7 FEET E. OF  E. CURB LINE AND TOP OF COVER IS ABOUT 4 INCHES BELOW WALK ON EAST SIDE OF B.M.,10 FEET N. OF S. LINE OF LAKESIDE PLACE,5.7 FEET W. OF E. LINE OF N. KEDZIE AVE.,7 FEET E. OF E. LINE OF N. ASHLAND AVENUE,110.8' E. OF SECTION LINE RUNNING N. FROM TOUHY AVE. AND ABOUT 29' N. OF CENTER LINE OF TOUHY AVE.,13' W. OF THE E. LINE OF HOUSTON AVE.,13.4' E. OF W. LINE OF S. LUNA AVE.,11' S. OF N. LINE OF W. 62ND ST.,10' E. OF W. LINE OF S. NAGLE AVE.,9.8' E. OF W. LINE OF S. NEVA AVE.,11' N. OF S. LINE OF CULLOM AVE.,10.4' N. OF S. LINE OF CORNELIA AVE.,10.7' W. OF E. LINE OF N. KILBOURN AVE.,45' S. OF N. LINE OF DICKENS AVE.,3' N. OF N. LINE OF WOLFRAM ST.,10.4' N. OF S. LINE OF PATTERSON AVE.,12.2' W. OF E. LINE OF LECLAIRE AVE.,11' S. OF N. LINE OF CULLOM AVE.,9.4' N. LINE OF S. LINE OF EDDY ST.,9.8' S. OF W. LINE OF SCHUBERT AVE.,2.6' W. OF THE W. LINE OF N. NEWLAND AVE.,10.2' N. OF S. LINE OF SCHUBERT AVE.,4.7' S. OF S. LINE OF BARRY AVE.,9.5' E. OF W. LINE OF NEWCASTLE AVE.,9.2' S. OF N. LINE OF BYRON ST.,3.1' S. OF THE S. LINE OF MONTROSE AVE.,10.2' N. OF S. LINE OF ELMDALE AVE.,4.1' E. OF E. LINE OF SHERIDAN RD. PRODUCED NORTH,12.5' E. OF W. LINE OF N. WINCHESTER AVE.,9' W'LY FROM W'LY LINE OF PINE GROVE AVE.,13.5' E. OF THE W LINE OF N. RACINE AVE.,64.9' N. OF N. LINE OF W. ADDISON ST.,24.5' W'LY AT RIGHT ANGLES FROM W'LY LINE OF LINCOLN AVE.,59' E. OF THE E. LINE OF CORLISS AVE.,12.3' E. OF W. LINE OF S. CHAMPLAIN AVE.,10' W. OF THE E. LINE OF S. DR. MARTIN LUTHER KING JR DR.,17.3' W. OF W. LINE OF UNIVERSITY AVE,27.2' N. OF N. LINE OF E. 90TH ST.,12.7' E. OF W. LINE OF DRAKE AVE.,62.7 E. OF THE E. LINE OF N. DAMEN AVE.,69.5' S. OF S. LINE OF W. DIVISON ST.,76.2' N. OF N. LINE OF W. DIVISON ST.,11.7' E. OF E. LINE OF N. LAKEWOOD AVE. TO THE N.,94' W. OF W. LINE OF DAMEN AVE.,11.9' W. OF E. LINE OF PINE GROVE AVE.,10.7' W. OF E. LINE OF SEMINARY AVE.,107.8' E. OF E. LINE OF N. HOYNE AVE.,12' W. OF E. LINE OF N. KEATING AVE.,42' E. OF E. LINE OF N. HARLEM AVE.,47.1' E. OF E. LINE OF S. WASHTENAW AVE.,53.4' W. OF W. LINE OF S. HOMAN AVE.,33.3' W. OF W. LINE OF S. WASHTENAW AVE.,6.5' W. OF E. LINE OF S. NORMAL AVE.                                                1.5' S. OF CONCRETE DRIVE,50' N. OF N. LINE OF W. 16TH ST.,289' N'LY OF N'LY LINE OF S. LYMAN ST. TO THE W.,11.8' S. OF N. LINE OF W. 25TH PL. TO THE W.,85' N. OF N. LINE OF W. 26TH ST.,19.3' E. OF E. LINE OF S. MICHIGAN AVE.,359.5' E. OF E. LINE OF S. DR. MATIN LUTHER KING JR DR. FROM THE S.,11.2' N. OF  N. LINE OF W. 34TH PL.,4.9' E'LY AT RIGHT ANGLES FROM E'LY LINE OF LAKE PARK AVE. PRODUCED N.W'LY,139.4' N.W'LY FROM THE N.W. CONER OF E. 47TH ST. AND LAKE PARK AVE.,"146.7' N. OF N. LINE OF DEVON AVE.
5.7' N. OF N. LINE OF 1ST ALLEY N. OF DEVON AVE.",22' E. OF E. LINE OF S. DR. MARTIN LUTHER KING JR DR.,20.8' N. OF N. LINE OF E. 70TH PL.,11.2' W. OF E. LINE OF WOODLAWN AVE.,"11.5' W. OF W. LINE OF 1ST ALLEY E. OF STONY ISLAND AVE.
(98.6' E. OF E. LINE OF STONY ISLAND AVE.)","88.2' W. OF W. LINE OF WOODLAWN AVE.
(2.9' N. OF N. CURB LINE OF E. 60TH ST.)",19.8' E. OF E. LINE OF PRINCETON AVE.,65.9' W. OF W. LINE OF VERNON AVE.,58.5' N. OF N. LINE OF MARQUETTE RD.,160.7' S. OF S. LINE OF E. 75TH ST.,14.5' W. OF W. LINE OF EVANS AVE.,264' N. OF N. LINE OF W. 87TH ST.,32' W. OF E. LINE OF UNIVERSITY AVE. PRODUCED S.,19' S. OF S. LINE OF THE 1ST ALLEY S. OF E. 75TH ST.,58.5' E. OF E. LINE OF 1ST ALLEY W. OF N. ASHLAND AVE.,15.7' E. OF W. LINE OF N. PAULINA ST.,12.6' W. OF E. LINE OF N. PAULINA ST.,64.6' E. OF THE E. LINE OF FIRST ALLEY W. OF N. WESTERN AVE,16.8' S. OF S. LINE OF 1ST ALLEY S. OF IRVING PK. BLVD.,55.2' S. OF S. LINE OF W. NORTH AVENUE,36' W. OF W. LINE OF FIRST ALLEY E. OF N. WESTERN AVE.,22.7' S. OF S. LINE OF W. 74TH ST.,18.7' E. OF THE E. LINE OF MUSKEGON AVE.,20' E. OF E. LINE OF THE 1ST ALLEY E. OF STONY ISLAND AVE.,18.1' N. OF N. LINE OF 1ST ALLEY N. OF E. 83RD ST.,53' W. OF W. LINE OF AVALON AVE.,120.8' E. OF E. LINE OF CALUMET AVE.,169.8' N. OF N. LINE OF E. 91ST ST.,13.7' W. OF W. LINE OF EGGLESTON AVE.,10.6' N. OF ALLEY S. OF W. 79TH ST.,18' E. OF E. LINE OF WENTWORTH AVE.,31.7' N. OF N. LINE OF ARGYLE ST.,18.6' S. OF S. LINE OF THORNDALE AVE.,42.7' S. OF S. LINE OF FOSTER AVE.,74.7' N. OF N. LINE OF FOSTER AVE.,60' S. OF S. LINE OF FOSTER AVE.,9.4' E. OF W. LINE OF N. MULLIGAN AVE.,50' N. OF N. LINE OF PETERSON AVE.,"45.2' N'E'LY OF ""NEW"" N'E'LY LINE OF MILWAUKEE AVE.",13.5' E. OF E. LINE OF N. LARAMIE AVE.,61.3' E. OF E. LINE OF N. LARAMIE AVE.,55.2' W. OF W. LINE OF S. PULASKI RD.,95.2' N. OF N. LINE OF W. 103RD ST.,4.7' W. OF W. LINE OF THE 1ST ALLEY E. OF S. CICERO AVE.,15.3' W. OF W. LINE OF 1ST ALLEY E. OF S. CALIFORNIA AVE.,16.8' E. OF E. LINE OF 1ST ALLEY E. OF S. KEDZIE AVE.,92.7' S. OF S. LINE OF W. 47TH ST.,24.3' S. OF S. LINE OF 1ST ALLEY N. OF W. 51ST ST.,10.9' N. OF N. LINE OF 1ST ALLEY S. OF W. 59TH ST.,78' S. OF S. LINE OF W. 63RD ST.,43.7' S. OF S. LINE OF W. 59TH ST.,74.6' S. OF S. LINE OF MARQUETTE RD.,27' N. OF N. LINE OF 1ST ALLEY S. OF MARQUETTE RD.,22.8' S. OF S. LINE OF THE 1ST ALLEY N. OF W. MARQUETTE RD.,9.3' W. OF W. LINE OF S. SAWYER AVE,11' N OF THE N. LINE OF 1ST ALLEY N. OF W. 111TH ST.,29.5' S. OF THE S. LINE OF 1ST ALLEY S. OF W. 47TH ST.,10' N. OF N. LINE OF 1ST ALLEY N. OF W. 55TH ST.,28' S. OF S. LINE OF 1ST ALLEY S. OF W. 63RD ST.,120.2' E. OF E. LINE OF S. CENTRAL PARK AVE.,131.8 FEET S. OF THE S. LINE OF W. 95TH STREET,2.3 FEET SOUTH OF THE SOUTH LINE OF THE FIRST ALLEY NORTH OF W 95TH STREET,105.0 FEET EAST OF THE EAST LINE OF S CENTRAL PARK AVE,24 FEET SOUTH OF THE SOUTH LINE OF WEST 75TH STREET,8.7 W OF THE EAST LINE OF S WINCHESTER AVENUE,2.0 FEET SOUTH OF THE SOUTH LINE OF THE FIRST ALLEY SOUTH OF EAST 87TH ST,31.9 FEET NORTH OF THE NORTH LINE OF WEST 83RD STREET,10.4 FEET NORTH OF THE NORTH LINE OF THE FIRST ALLEY NORTH OF W 83RD STREET,5.5 FEET NORTH OF NORTH LINE OF FIRST ALLEY NORTH OF 47TH STREET,25.2 FEET EAST OF THE EAST LINE OF HARPER AVENUE,26.7 FEET NORTH OF THE NORTH LINE OF THE FIRST ALLEY NORTH OF 103RD STREET,2.2 FEET SOUTH OF SOUTH LINE OF FIRST ALLEY SOUTH OF WEST 119TH STREET,5.8 FEET SOUTH OF THE SOUTHERLY LINE (PRODUCED WESTERLY) OF 1ST ALLEY SOUTH OF VERMONT STREET,11.2 FEET NORTH OF NORTH LINE OF 1ST ALLEY NORTH OF EAST 130TH STREET,14.5 FEET SOUTH OF SOUTH LINE OF EAST 130TH STREET,267.6 S OF THE CENTER LINE OF 114TH STREET,55 FEET EAST OF THE EAST LINE OF NARRAGANSETT AVENUE,70.5 WEST OF THE WEST LINE OF CICERO AVENUE,14.2 FEET NORTH OF THE NORTHERLY LINE OF THE FIRST ALLEY NORTH OF FOREST GLEN AVENUE,35.5 FEET EAST OF THE EAST LINE OF THE FIRST ALLEY EAST OF CALIFORNIA AVENUE,8.6 FEET EAST OF THE WEST LINE OF PACIFIC AVENUE,9.5 SOUTH OF THE SOUTH LINE OF THE FIRST ALLEY SOUTH OF IRVING PARK BOULEVARD,16.5 FEET NORTH OF THE NORTH LINE OF THE FIRST ALLEY NORTH OF GUNNISON STREET,6.5 FEET EAST OF THE EAST LINE OF THE FIRST ALLEY WEST OF CICERO AVENUE,102.5 FEET NORTH OF THE NORTH LINE OF BRYN MAWR AVENUE,"35.2 FEET NORTH OF THE NORTH LINE OF WEST DICKENS AVENUE, PRODUCED EAST",24.4 FEET SOUTH OF THE SOUTH LINE OF THE FIRST ALLEY NORTH OF WEST IRVING PARK ROAD,182 FEET NORTH OF THE NORTH LINE OF CHICAGO AVENUE,97.6 FEET NORTH OF THE NORTH LINE OF 87TH STREET,15.2 FEET NORTH OF THE NORTH LINE OF THE FIRST ALLEY SOUTH OF WEST IRVING PARK BLVD,11.5 FEET WEST OF THE EAST LINE OF N KEYSTONE AVENUE,27.7 FEET WEST OF THE WEST LINE OF THE FIRST ALLEY EAST OF NORTH CENTRAL PARK AVENUE,8.6 FEET NORTH OF THE SOUTH LINE OF 100TH PLACE,23.3 FEET WEST OF THE WEST LINE OF THE FIRST ALLEY WEST OF ASHLAND AVENUE,22.2 FEET SOUT OF THE SOUTH LINE OF THE 1ST ALLEY NORTH OF EAST 87TH STREET,"19.5 FEET EAST OF THE EAST LINE OF SOUTH AVENUE ""M""",26.8 FEET SOUTH OF THE SOUTH LINE OF THE 1ST ALLEY NORTH OF WEST CORTLAND STREET,72.2 FEET SOUTH OF THE SOUTH LINE OF WEST NORTH AVENUE,81.0 FEET NORTH OF THE NORTH LINE OF LAWRENCE AVE PRODUCED EAST,8.6 FEET EAST OF THE EAST LINE OF WINCHESTER AVENUE,20.9 FEET NORTH OF THE NORTH LINE OF THE FIRST ALLEY NORTH OF 31ST STREET,9.0 FEET WEST OF THE WEST LINE OF S VINCENNES AVENUE,12.6 FEET SOUTH OF THE SOUTH LINE OF WEST 95TH STREET,ABOUT 9 FEET NORTH OF THE NORTH LINE OF THE FIRST ALLEY NORTH OF W 87TH STREET,296.5 FEET NORTH OF THE NORTH LINE OF W NORTH AVE,26.2 FEET NORTH OF THE NORTH LINE OF THE FIRST ALLEY N OF LAWRENCE AVENUE,77.1 FEET NORTH OF NORTH LINE OF TOUHY AVENUE,14.5 FEET NORTH OF NORTH LINE OF 106TH STREET,91.6 FEET SOUTH OF SOUTH LINE OF BELMONT AVENUE,20.4 FEET SOUTH OF SOUTH LINE OF FIRST ALLEY S OF 63RD STREET,9.0 FEET SOUTH OF THE NORTH LINE OF W 85TH STREET,9.0 FEET WEST OF THE EAST LINE OF S SPRINGFIELD AVE,9.5 FEET WEST OF THE EAST LINE OF S HAMLIN AVENUE,4.0 FEET WEST OF THE EAST LINE OF S KEATING,9.0 FEET WEST OF THE EAST LINE OF S KEATING AVENUE,9.5 FEET EAST OF THE WEST LINE OF S HARDING AVENUE,21.0 EAST OF THE EAST LINE OF N OAK PARK AVE,10.5 FEET NORTH OF THE NORTH LINE OF W STRONG STREET,15.0 FEET WEST OF THE WEST LINE OF ALLEY WEST OF OZANAM AVENUE,"3.0 FEET NORTH OF THE SOUTH LINE OF W BRODMAN AVENUE, PRODUCED EAST",12.5 FEET WEST OF THE EAST LINE OF S KIRKLAND AVENUE,10.5 FEET SOUTH OF THE NORTH LINE OF W 13TH ST,13.5 FEET NORTH OF THE SOUTH LINE OF W 72ND STREET,6.0 FEET WEST OF THE WEST LINE OF ALLEY EAST OF S ASHLAND AVE,9.0 FEET WEST OF THE WEST LINE OF THE ALLEY WEST OF S COTTAGE GROVE AVENUE,16.0 FEET NORTH OF THE NORTH LINE OF E 99TH STREET,18.0 FEET NORTHEAST OF THE NORTHEAST LINE OF THE ALLEY EAST OF S VAN VLISSINGEN ROAD,11.5 FEET SOUTH OF THE NORTH LINE OF W 104TH STREET,7.0' FEET SOUTH OF THE SOUTH LINE OF THE 1ST ALLEY NORTH OF W FULLERTON AVE,5.0 FEET SOUTH OF THE SOUTH LINE OF THE 1ST ALLEY NORTH OF W DIVERSEY AVENUE,99.5 FEET WEST OF THE WEST LINE OF N CENTRAL PARK AVENUE,184.0 FEET SOUTH OF THE SOUTH LINE OF E 53RD STREET,11.5 FEET WEST OF THE EAST LINE OF N MASON AVE,13.6 FEET NORTH OF THE SOUTH LINE OF E 70TH ST,88.3 FEET SOUTH OF THE SOUTH LINE OF W DEVON AVENUE,12.0 FEET WEST OF THE EAST LINE OF N TROY STREET,13.0 FEET SOUTHEASTERLY OF NORTHERLY LINE OF N WILDWOOD AVENUE,16.0 FEET EAST OF THE WEST LINE OF N NAGLE AVENUE,12.5 FEET WEST OF THE EAST LINE OF N FRANCISCO AVENUE,10.3 FEET W OF THE WEST LINE OF 1ST ALLEY EAST OF S OAK PARK AVENUE,10.0 FEET SOUTH OF THE SOUTH LINE OF 1ST ALLEY OF W 63RD STREET,10.5 FEET WEST OF THE WEST LINE OF THE 1ST ALLEY EAST OF S NARRAGANSETT AVENUE,11.3 FEET EAST OF THE WEST LINE OF S RHODES AVENUE,8.7 FEET WEST OF THE SOUTH LINE OF W 51ST STREET,"15.0 FEET NORTH OF THE SOUTH LINE OF W PRATT AVENUE 
(7.2 FEET NORTHWESTERLY OF THE NORTHWESTERLY LINE OF THE ALLEY WEST OF N ORLEANDER AVENUE MEASURED PERPENDICULAR TO THE NORTHWESTERLY LINE OF THE ALLEY)","119.5 FEET SOUTH OF THE SOUTH LINE OF W HOWARD STREET 
(5.5 FEET NORTH OF THE NORTH LINE OF ALLEY SOUTH OF W HOWARD ST)","37 FEET EAST OF THE CENTER LINE OF N OTTAWA AVENUE 
PRODUCED FROM THE SOUTH",219.0 FEET EAST OF THE EAST LINE OF N (PUEBLO AVENUE) CUMBERLAND AVE,"19.5 FEET NORTH OF THE NORTH LINE OF E 59TH STREET  
(PRODUCED EAST)",15.3 FEET WEST OF THE EAST LINE OF S RACINE AVENUE,11.0 FEET EAST OF THE EAST LINE OF S FOREST AVENUE,11.5' EAST OF THE WEST LINE OF S BELL AVENUE,11.0 FEET NORTH OF THE SOUTH LINE OF W 21ST PLACE,10.0 FEET EAST OF THE WEST LINE OF S PEORIA STREET,13.0 FEET WEST OF THE EAST LINE OF S MOZART STREET,10.7 FEET SOUTH OF THE NORTH LINE OF W 82ND PLACE,5.0 FEET NORTH OF THE NORTH LINE OF W FLETCHER STREET,11.8 FEET NORTH OF THE SOUTH LINE OF W MELROSE STREET,"1.5 FEET EAST OF THE WEST LINE OF S NEWBERRY AVENUE 
(PRODUCED NORTH)",10.5 FEET SOUTH OF THE NORTH LINE OF W 16TH STREET,11.3 FEET SOUTH OF THE NORTH LINE OF W 16TH STREET,10.0 FEET SOUTHERLY OF THE NORTHERLY LINE OF W ELEANOR STREET,"10.0 FEET EASTERLY OF THE WESTERLY LINE OF S BROAD ST
(MEASURED NORMAL TO WESTERLY LINE)",9.1 FEET SOUTH OF THE NORTH LINE OF E 78TH STREET,59.3 FEET NORTH OF THE NORTH LINE OF W PETERSON AVENUE,11.0 FEET WEST OF THE EAST LINE OF N LUNA AVENUE,10.0 FEET WEST OF THE EAST LINE OF N MONTICELLO AVENUE,10.0 FEET EAST OF THE WEST LINE OF N OLEANDER AVENUE,9.3 FEET NORTH OF THE SOUTH LINE OF W 116TH PLACE,44.6 FEET NORTH OF THE NORTH LINE OF W CHICAGO AVENUE,9.7 FEET EAST OF THE WEST LINE OF S RACINE AVENUE,28.0 FEET NORTH OF THE NORTH LINE OF W 107TH STREET,122.5 FEET NORTH OF THE NORTH LINE OF W 107TH STREET,9.4 FEET SOUTH OF THE NORTH LINE OF W 98TH STREET,10.0 FEET NORTH OF THE SOUTH LINE OF W 100TH STREET,10.0 FEET SOUTH OF THE NORTH LINE OF W 106TH STREET,10.0 FEET SOUTH OF THE NORTH LINE OF W 108TH STREET,11.5 FEET WEST OF THE EAST LINE OF N PLAINFIELD AVENUE,"28.8 FEET NORTH OF THE NORTH LINE OF W 114TH STREET
(PRODUCED WEST)","19.5 FEET NORTHERLY OF THE NORTH LINE OF W 115TH STREET
(MEASURED PARALLEL TO WESTERLY LINE)",60.1 FEET NORTH OF THE NORTH LINE OF E 115TH STREET,39.0 FEET NORTH OF THE NORTH LINE OF W 103RD STREET,9.3 FEET SOUTH OF THE NORTH LINE OF W 103RD PLACE,21.7 FEET SOUTH OF THE SOUTH LINE OF W 83RD STREET,9.5 FEET EAST OF THE WEST LINE OF N ALBANY AVENUE,"9.5 FEET EAST OF THE EAST LINE OF S LARAMIE AVENUE
(ABOUT 10.5 FEET SOUTH OF NORTH INSIDE GRADE OF NORTH WALK)",11.0 FEET EAST OF THE WEST LINE OF S KEELER AVENUE,7.5 FEET SOUTH OF THE SOUTH LINE OF W 43RD STREET,100.0 FEET WEST OF THE WEST LINE OF S. CALIFORNIA AVENUE,159.5 FEET SOUTH OF THE SOUTH LINE OF W 43RD STREET,11.0 FEET EAST OF THE WEST LINE OF S WINCHESTER AVENUE,10.0 FEET WEST OF THE EAST LINE OF S MILLARD AVENUE,5.0 FEET WEST OF THE WEST LINE OF THE ALLEY EAST OF S LEAMINGTON AVENUE,10.0 FEET EAST OF THE WEST LINE OF S AUSTIN AVENUE,5.0 FEET WEST OF THE WEST LINE OF S NEWCASTLE AVENUE,9.5 FEET EAST OF THE WEST LINE OF S MEADE AVENUE,8.5 FEET WEST OF THE EAST LINE OF S KOSTNER AVENUE,11.0 FEET WEST OF THE EAST LINE OF S KILDARE AVENUE,9.5 FEET WEST OF EAST LINE OF S MOZART STREET,74.0 FEET WEST OF THE WEST LINE OF S WESTERN AVE,11.0 FEET WESTERLY OF THE EASTERLY LINE OF GENOA,11.0 FEET EAST OF THE WEST LINE OF S PERRY AVE,8.0 FEET WEST OF THE EAST LINE OF S ABERDEEN STREET,11.0 FEET NORTH OF THE SOUTH LINE OF W 123RD STREET,48.0 FEET WEST OF THE NORTHWESTERLY CORNER OF E 138TH STREET & S LEYDEN AVENUE,12.0 FEET EAST OF THE WEST LINE OF S STONY ISLAND AVENUE,9.5 FEET EAST OF THE WEST LINE OF S ESCANABA AVENUE   387 FEET SOUTH OF THE SOUTH LINE OF E 132ND STREET,"1.5 FEET EAST OF THE WEST LINE OF S TORRENCE AVENUE
(38.5 FEET WEST OF THE CENTER LINE OF S TORRENCE AVENUE)",10.5 FEET SOUTH OF THE NORTH LINE OF E 109TH STREET,"12.0 FEET EAST OF THE WEST LINE OF S AVENUE ""H""","11.0 FEET EAST OF THE EAST LINE OF S AVENUE ""H""",50.0 FEET EAST OF THE EAST LINE OF S BENSLEY AVENUE,8.5 FEET WEST OF THE WEST LINE OF S GREENBAY AVENUE,20.0 FEET EAST OF THE EAST LINE OF S RACINE AVENUE,30 FEET EAST OF THE WEST LINE OF S LYTLE STREET FROM THE NORTH,11.5 FEET SOUTH OF THE SOUTH LINE OF ALLEY NORTH OF W NORTH AVENUE,14.0 FEET WEST OF THE WEST LINE OF N HARLEM AVENUE,60.0 FEET EAST OF THE NORTHEASTERLY CORNER OF W ISHAM AVENUE AND N OLYMPIA AVENUE,15.0 FEET WESTERLY OF THE EASTERLY LINE OF N LEADER AVE,79.0 FEET NORTH OF THE NORTH LINE OF W PETERSON AVENUE,11.0 FEET WEST OF THE EAST LINE OF N PAULINA STREET,11.0 FEET WEST OF THE EAST LINE OF S KEATING AVENUE,74.0 FEET EAST OF THE EAST LINE OF N AUSTIN BOULEVARD,11.0 FEET NORTH OF THE SOUTH LINE OF W CONGRESS PKWY,15.5 FEET EAST OF THE EAST LINE OF ALLEY WEST OF S LARAMIE AVENUE,9.0 FEET SOUTH OF THE NORTH LINE OF W ILLINOIS STREET,8.0 FEET SOUTH OF THE NORTH LINE OF W DIVISION STREET,10.5 FEET SOUTH OF THE NORTH LINE OF W CATALPA AVENUE,85.5 FEET NORTH OF THE NORTH LINE OF W BRYN MAWR AVENUE,"22.0 NORTHEASTERLY OF EASTERLY LINE OF N KINZUA AVENUE 
(MEASURED PARALLEL TO NORTHWESTERLY LINE OF N ALGONQUIN AVENUE)",50.0 FEET EAST OF THE EAST LINE OF N ASHLAND BOULEVARD,"9.5 FEET EAST OF THE WEST LINE OF S AVENUE ""B""",13.0 FEET WEST OF THE EAST LINE OF SOUTH OAKLEY AVENUE,14.5 FEET WEST OF THE EAST LINE OF S JUSTINE STREET,10.5 FEET EAST OF THE WEST LINE OF S TROY STREET,10.0 FEET EAST OF THE WEST LINE OF N TROY STREET,11.5 FEET WEST OF THE EAST LINE OF N SAWYER AVENUE,21.0 FEET WEST OF THE WEST LINE OF N PULASKI ROAD,12.5 FEET EAST OF THE WEST LINE OF N NEVA AVENUE,9.5 FEET WEST OF THE EAST LINEOF S MOZART STREET,9.0 FEET EAST OF THE WEST LINEOF N MOZART STREET,20.5 FEET WEST OF THE WEST LINE OF S STATE LINE ROAD,15 FEET WEST OF THE EAST LINE OF N. KILPATRICK AVE,10.5 FEET WEST OF THE EAST LINE OF LOWELL AVE.,8.8 FEET WEST OF THE EAST LINE OF LECLAIRE AVE.,10.4 FEET SOUTH OF THE NORTH LINE OF BELDEN AVE.,9.0 FEET WEST OF THE EAST LINE OF NEWCASTLE AVEMARK DESCRIPTION,"THIS BENCH MADE PRIMARY BENCH FOR THE CITY OF CHICAGO. SEE ORDINANCE OF SEPT. 12, 1928, PAGE 3460 OF COUNCIL PROCEEDINGS.","BENCH SETTLED ABOUT 0.046 FEET BETWEEN 1920 AND 1931, ELEVATION PREVIOUS TO 1966 WAS 12.906
TOWER COURT WAS CHANGED TO N. MICHIGAN (TO THE WEST)",ELEVATION PREVIOUS TO 1966 WAS 16.420,,,ELEVATION PREVIOUS TO 1966 WAS 13.205,,,MONUMENT BEDDED ON ROCK,,COVER OF THIS MONUMENT SET TO PERMANENT GRADE,"COVER OF THIS MONUMENT SET TO PERMANENT GRADE.
ELEVATION PRIOR TO 1965 WAS 16.478",COVER OF THIS MONUMENT SET TO PERMANENT GRADE.,COVER OF THIS MONUMENT SET TO PERMANENT GRADE,"SEE ORDN. OF 11-12-1900 FOR ORIGINAL ELEVATION
MONUMENT SETTLED 0.050 FEET BETWEEN 1917 AND 1921",REPLACES OLD STANDARD NO. 73,ELEVATION PRIOR TO 1965 WAS 22.146,"COVER OF THIS MONUMENT SET TO PERMANENT GRADE
ELEVATION PRIOR TO 1965 WAS 13.676","COVER OF THIS MONUMENT SET TO PERMANENT GRADE
THIS MONUMENT SETTLED BETWEEN 1910 AND 1921
ELEVATION FOR 1901-1910 WAS 20.769
ELEVATION PRIOR TO 1965 WAS 20.737",ELEVATION PREVIOUS TO 1966 WAS 14.870,,,"ADJUSTED TO GRADE OF CURB AND WALK BY WARD
8-1919 - 2.14 FEET FROM POINT TO TOP OF COVER
MONUMENT ENCASED IN MANHOLE 12-6-77",,,,,,,,,COVER OF THIS MONUMENT SET TO GRADE,,,"THIS MONUMENT IS IN A MANHOLE IN THE PAVEMENT ABOUT  9 FEET W. OF THE E. CURB LINE IN AVENUE ""A""","COVER OF THIS MONUMENT SET TO PERMANENT GRADE
ADJUSTED BY WARD 8-28-1919",,,,"ORDINANCE ESABLISHING ELEVATION; JULY 15, 1925","ORDINANCE ESTABLISHING ELEVATION JULY 15, 1925","COVER OF THIS MONUMENT SET TOPERMANENT GRADE
ORDINANCE ESTABLISHING GRADE: JULY 15, 1925",,MONUMENT IS IN A MANHOLE,THIS MONUMENT WAS REPAIRED ON 5-12-1981 COPPER BENCH POINT WAS REFININSHED,,,ELEVATION PRIOR TO 1965 ESD 25.303,,,,,,MONUMENT IS IN A MANHOLE,COVER OT THIS MONUMENT SET TO PERMANENT GRADE,,,,,,,,,,IN BOOKS 425 AND 426,IN BOOKS 425 - 429,IN BOOKS 439 AND 440,IN BOOKS 432 AND 433,,IN BOOKS 369 - 372,IN BOOKS 382 AND 383,IN BOOKS 381 - 383,IN BOOKS 433 - 435,,"COVER OF THIS MONUMENT SET TO PERMANENT GRADE
IN BOOKS 335 AND 336",,,IN BOOKS 405 AND 478,COVER OF THIS MONUMENT SET TO PERMANENT GRADE,COVER OF THIS MONUMENT SET TO PERMANENT GRADE,B.M. IS CITY OF CHICAGO STANDARD MONUMENT,IN BOOKS 334 AND 336,ORDINANCE ESTABLISHING ELEVATION: 7/15/1925,ORDINANCE ESTABLISHING ELEVATION: 7/15/1925,,IN BOOKS 402 - 409,IN BOOKS 408 AND 409,ELEVATION PRIOR TO 1965 WAS 22.292,,,ELEVATION PRIOR TO 1965 AND 25.155,,,,,,,IN BOOKS 446 AND 452,"ELEVATION PRIOR TO 1965 WAS 14.686
IN BOOKS 61 AND 261","ELEVATION PRIOR TO 1965 WAS 18.487
IN BOOKS 63 AND 262",,ELEVATION PRIOR TO 1966 WAS 11.72,,IN BOOKS 64 AND 61,ELEVATION PREVIOUS TO 1966 WAS 12.437,ELEVATION PREVIOUS TO 1966 WAS 13.004,ELEVATION PREVIOUS TO 1966 WAS 13.67,"ELEVATION PREVIOUS TO 1966 WAS 17.662
MONUMENT IN PARKING LOT",ELEVATION PREVIOUS TO 1966 WAS 12.863,,,,,,STANDARD MONUMENT IS ABOUT 11.5' S. OF THE INSIDE GRADE OF THE N. WALK,,,,,,,,N. OF N.W.COR.,,,,,,,,,"MONUMENT IS FOUNDED ON BEDROCK.
ELEVATION PRIOR TO 1965 WAS 21.669'",,MONUMENT IS 5.2' DEEP AND FOUNDED ON THE ROCK,,,W. OF N.W. COR.,ORDINANCE ESTABLISING ELEVATION: 7/15/1925,N. OF N.W. COR.,,S. OF S.W. COR.,,,,,,S. OF S.E. COR.,N. OF N.W. COR.,,N. OF N.E. COR.,,E. OF S.E. COR.,"ELEVATION PRIOR TO 1965 WAS 23.748
W. OF N.W. COR.",N. OF N.E. COR.,ELEVATION PRIOR TO 1965 WAS 27.976,ELEVATION PREVIOUS TO 1966 WAS 13.796,,,,,S. OF S.E. COR.,S. OF S.E. COR.,S. OF S.W. COR.,,N. OF N.E. COR.,,,S. OF S.W. COR.,N. OF N.E. COR.,,E. OF N.E. COR.,,N. OF N.W. COR.,,SW COR,SE COR,S OF SE COR,NW COR,,N OF NE COR,NE COR,ELEVATION PRIOR TO 1965 WAS 28.610,S OF SE COR,,,,MONUMENT IS 6.8' EAST OF POINT OF ARROW CHISELLED IN EAST CURB,,,,,,,,,,,,,,,,,,,,,,,,,,,,,REPLACES OLD STA. B.M. #426,,,,,,,,,,,REPLACES STANDARD NO. 162,ELEVATION PREVIOUS TO 1965 WAS 62.005,ELEVATION PREVIOUS TO 1965 WAS 65.802,,ELEVATION PREVIOUS TO 1965 WAS 52.182,ELEVATION PREVIOUS TO 1966 WAS 21.979,ELEVATION PRIOR TO 1965 WAS 23.195,REPLACES OLD STD. NO. 159 (ELEVATION TRANSFERRED 1961),,,,,THIS MONUMENT IS ABOUT 4 INCHES BELOW GRADE OF GRAVEL DRIVEWAY,,,,,,,,,"AT HOUSE NO. 6970 N WILDWOOD AVENUE
STANDARD IS LOCATED IN ASPHALT DRIVEWAY",,,,,,ELEVATION PREVIOUS TO 1966 WAS 21.377,,,,"FOUND COVERED BY ASPHALT OF CHURCH PARKING LOT ON 11-19-76
UNCOVERED ON 12-3-76",,,,,,,,,,,,3.1 FEET NORTH OF THE NORTH INSIDE GRADE OF NORTH WALK. ABOUT 16.5 FEET EAST OF THE WEST FACE OF BALL FIELD DUGOUT.  (PRODUCED SOUTH),,,,,,,,,,,,,,,,,,,,,"THIS MONUMENT WAS FOUND SHEARED BELOW GRADE ON JANUARY 9, 1981 AND HAS SINCE BEEN RECONSTRUCTED",,,,,CONSTRUCTED IN 1971,,,,,,,,,,,,,CONSTRUCTED IN 1977,NO ESTABLISHED ELEVATION. THIS MONUMENT IS SETTLING. CONSTRUCTED IN 1981,,,,NE COR,,NW'LY COR,ENCASED IN A MANHOLE 5-04-81,,SW COR,NE COR,NW COR,SE COR,SE COR,SW COR,,,,SW COR,NE'LY COR,,NE COR,,,,SE COR,,MONUMENT IS ENCASED IN MANHOLE,,,,,,,,,,,,,,,,,COPPER POINT IN CONCRETE SHAFT WITHOUT A COVER,COPPER POINT IN CONCRETE SHAFT WITHOUT A COVER,COPPER POINT IN CONCRETE SHAFT WITHOUT A COVER,COPPER POINT IN CONCRETE SHAFT WITHOUT A COVER   NE COR,COPPER POINT IN CONCRETE SHAFT WITHOUT A COVERYEAR BENCHMARK ELEVATION FIXED,1928,1966,1966,1969,1898,1966,1899,1899,1973,1925,1968,1968,1968,1968,1972,1972,1965,1965,1965,1966,1969,1970,1967,1969,1970,1969,1969,1970,1969,1974,1970,1976,1977,1977,1977,1971,1971,1978,1978,1978,1979,1975,1975,1979,1981,1967,1967,1965,1936,1979,1970,1983,1976,1983,1976,1967,1967,1967,1968,1975,1975,1974,1973,1974,1978,1978,1979,1979,1974,1937,1974,1974,1979,1979,1970,1976,1976,1983,1968,1968,1968,1970,1975,1975,1975,1976,1976,1965,1968,1921,1972,1968,1968,1968,1968,1968,1975,1981,1965,1965,1973,1966,1973,1966,1966,1966,1966,1966,1923,1923,1923,1983,1923,1973,1923,1973,1924,1969,1924,1969,1973,1969,1971,1973,1969,1970,1970,1968,1970,1968,1965,1965,1969,1974,1974,1974,1974,1969,1976,1971,1969,1971,1971,1975,1975,1978,1979,1979,1980,1980,1972,1972,1965,1971,1965,1927,1967,1970,1968,1970,1967,1970,1970,1970,1973,1974,1974,1967,1967,1967,1968,1971,1981,1968,1970,1970,1969,1970,1970,1967,1976,1971,1972,1975,1978,1978,1978,1974,1974,1975,1971,1979,1979,1979,1972,1970,1968,1978,1972,1974,1968,1970,1973,1971,1937,1969,1977,1968,1972,1978,1968,1966,1942,1971,1971,1973,1970,1983,1977,1972,1967,1967,1967,1967,1967,1967,1967,1980,1980,1959,1979,1966,1965,1967,1970,1975,1977,1977,1974,1978,1968,1962,1969,1973,1969,1975,1970,1981,1981,1983,1968,1968,1968,1966,1967,1981,1981,1980,1980,1965,1972,1975,1966,1966,1966,1967,1967,1968,1968,1969,1969,1969,1969,1969,1969,1977,1974,1971,1979,1974,1972,1971,1971,1971,1971,1974,1974,1974,1979,1974,1983,1975,1971,1980,1971,1972,1979,1978,1978,1978,1977,1977,1979,1979,1979,1980,1980,1979,1980,0,1981,1981,1975,1975,1975,1979,1978,1979,1978,1978,1978,1977,1977,1976,1977,1981,1977,1981,1981,1978,1975,1977,1979,1982,1982,1982,1983,1982,1978,1983,1978,1979,1978,1983,1983,1983,1983,1983,1983,1983,1984,1983,1984,1917,1917,1917,1917,1917BOOK NUMBER,0,482,68,314,0,271,0,0,368,369,1489,260,299,303,372,359,256,257,256,270,3169,323,283,316,323,315,318,323,317,379,333,403,410,412,413,342,345,429,424,423,438,385,356,437,452,290,283,241,367,432,332,394,408,405,403,289,113,290,295,389,1741,1741,373,0,425,425,439,432,382,369,382,381,433,433,335,408,408,405,2019,305,1696,334,385,385,213,402,408,262,58,0,235,1490,1490,1741,1741,1741,387,446,61,63,365,63,365,64,65,65,68,68,70,0,0,70,0,368,0,371,0,319,72,76,76,76,327,76,76,77,77,77,328,302,77,77,77,77,77,79,79,79,404,80,80,82,335,82,82,84,84,84,84,84,87,357,234,92,87,87,90,90,91,91,91,91,91,91,92,218,92,95,290,95,95,104,342,95,334,333,313,333,332,0,106,345,355,395,113,113,113,379,376,391,485,434,434,438,359,331,299,425,360,380,302,219,365,348,0,313,411,304,361,426,304,269,0,341,340,366,325,406,412,301,287,280,281,281,281,288,208,209,209,209,210,212,212,212,212,213,214,215,218,222,221,221,223,224,227,393,324,226,226,228,230,229,228,232,250,254,255,245,248,251,253,257,263,263,263,279,280,299,300,307,307,308,310,309,310,397,377,344,435,352,353,343,349,349,345,375,375,376,436,351,468,388,337,337,337,362,435,431,431,430,419,419,441,435,436,447,445,438,450,0,457,454,384,392,394,437,422,437,422,426,430,412,410,404,418,458,412,453,452,427,393,413,432,410,410,410,474,410,421,469,427,439,429,468,469,471,473,470,471,477,480,477,484,397,397,377,373,382LATITUDE,41.8807708,41.89682165,41.82390905,41.80915576,41.79479689,41.83885144,41.79318215,41.77152015,41.76079444,41.75193437,41.91392278,41.89592036,41.9254343,41.93992996,41.9244176,41.90776434,41.88092596,41.86633485,41.86639671,41.85167995,41.80898133,41.80871753,41.80852834,41.79443181,41.79418559,41.78020801,41.77956602,41.77928227,41.76535723,41.73721263,41.73631942,41.72631172,41.71559141,41.70289182,41.70260194,41.72828905,41.70646985,41.69009831,41.68267367,41.65903624,41.65174719,41.69263357,41.67813444,41.6517503,41.8225346,41.77905607,41.75067466,41.88078484,41.92406671,41.95273374,41.96819047,41.99712539,42.01499533,42.01194666,41.72262411,41.79285476,41.77991886,41.79042738,41.79014916,41.95896251,41.94438407,41.93072564,41.91858341,41.93244548,41.9468873,41.95885858,41.95861398,41.94482469,41.92940535,41.91815658,41.9289884,41.93632846,41.94352975,41.95081264,41.96115545,41.99085538,42.00547929,42.0193215,41.94608016,41.94726366,41.94714732,41.96144416,41.7055881,41.70023612,41.72934987,41.72941538,41.73174779,41.89037818,41.90406741,41.9024436,41.90290133,41.91976038,41.91856696,41.93298034,41.93281908,41.93402526,41.96627208,41.99695779,41.87484308,41.87459723,41.86021946,41.85743283,41.85924339,41.8422226,41.84562583,41.84474209,41.8511803,41.83133971,41.83145113,41.81797386,41.81008738,41.99820762,41.81748232,41.76728043,41.80242601,41.76430367,41.78603337,41.78729657,41.77486569,41.77288243,41.7583557,41.75313852,41.73666584,41.76043316,41.75795429,41.98423529,41.96909222,41.95451495,41.96672041,41.95345955,41.91002308,41.89672606,41.75976145,41.74637563,41.73790084,41.74487463,41.7459599,41.74567885,41.73059723,41.73089758,41.75001836,41.69987057,41.97215127,41.98827612,41.97523537,41.97550108,41.97541685,41.98320467,41.99043201,41.9963899,41.903095,41.88924619,41.87441364,41.70674725,41.87405254,41.82924082,41.81547366,41.80837157,41.80138069,41.78646655,41.77887104,41.78643318,41.77205323,41.77173161,41.77218256,41.70440411,41.69208531,41.80732767,41.79373888,41.77808743,41.78525608,41.72092618,41.72167181,41.77252421,41.75746277,41.75560178,41.73590004,41.74340731,41.74345972,41.8081285,41.72421219,41.70745403,41.67740176,41.66185424,41.65975374,41.65899684,41.68752963,41.93918229,41.93797383,41.98678197,41.97679782,41.93794422,41.95212602,41.96895518,41.89587429,41.98405695,41.92036732,41.9535805,41.89542567,41.73756505,41.95348831,41.95385254,41.93289293,41.69287116,41.8241642,41.73693204,41.71763839,41.91603126,41.90956709,41.96811954,41.88966631,41.83729575,41.80311461,41.72088204,41.73622122,41.90984685,41.96880091,42.0125677,41.70292718,41.93877365,41.77791012,41.73889643,41.73539261,41.74916472,41.73502139,41.74970146,41.76370481,41.9771295,41.97020855,41.98325832,41.95978405,41.85096375,41.86427494,41.76249751,41.76668442,41.72266013,41.71504238,41.71515433,41.70411422,41.9253975,41.93251468,41.94826275,41.79783485,41.91995576,41.76729022,41.99690278,41.96883133,42.00622723,42.0105444,42.01905928,41.78297457,41.77690262,41.7748959,41.83777863,41.8003145,42.0041276,42.01826387,41.97355572,41.97577326,41.78766607,41.68482631,41.71462367,41.85041129,41.85316298,41.85378013,41.74293834,41.74334998,41.93892427,41.94030913,41.86728679,41.85983542,41.85958547,41.84457045,41.83802309,41.75284674,41.99096805,41.93836286,41.96135588,41.94525688,41.68134211,41.89560327,41.72853438,41.69972327,41.69960482,41.71566555,41.71170163,41.7009151,41.69698279,41.94456936,41.68637672,41.68479177,41.68566501,41.70689241,41.706316,41.74186542,41.92457055,41.81300352,41.81498329,41.81523201,41.81365691,41.8152764,41.80152627,41.80055572,41.80015401,41.79821577,41.79943788,41.78343486,41.78608308,41.77151462,41.78674742,41.73564088,41.71435503,41.7214098,41.67236671,41.67058118,41.64465284,41.65948819,41.65437689,41.67534835,41.69738533,41.69562321,41.70998516,41.71527534,41.74472669,41.79968138,41.87216766,41.9098092,42.01074792,41.99793236,41.99168352,41.99037276,41.99821695,41.81483036,41.88792652,41.87377023,41.8701949,41.89079954,41.90358553,41.9800868,41.98348626,41.99961667,41.8834098,41.70232532,41.67945922,41.67557692,41.80851657,41.91043751,41.98289063,41.98424664,41.9814462,41.78674742,41.94709377,41.69170951,41.94711985,41.95168004,41.93788125,41.92258219,41.925472LONGITUDE,-87.63246381,-87.62401947,-87.62321473,-87.62434405,-87.60633872,-87.64394502,-87.58653364,-87.59102589,-87.56195325,-87.5469838,-87.64951322,-87.66965122,-87.64620449,-87.64860571,-87.74615291,-87.74455164,-87.72056878,-87.70272959,-87.72022086,-87.72094546,-87.64425059,-87.66610768,-87.68457934,-87.64767498,-87.66573315,-87.623586,-87.64591777,-87.66541685,-87.64309601,-87.54876099,-87.64348778,-87.56562978,-87.55084648,-87.53761593,-87.52455516,-87.67454268,-87.67293806,-87.54114634,-87.54375374,-87.54829891,-87.54360225,-87.60607181,-87.62259218,-87.61710056,-87.70408455,-87.70329383,-87.70232076,-87.73540062,-87.80602185,-87.78646186,-87.65022603,-87.7092333,-87.67010282,-87.70877906,-87.54960345,-87.76115969,-87.76309694,-87.78304516,-87.80027195,-87.73688236,-87.73603986,-87.73913963,-87.75713945,-87.75391361,-87.75459501,-87.75479776,-87.77464588,-87.77394448,-87.77355719,-87.79889078,-87.79671113,-87.80522665,-87.7972018,-87.80612428,-87.69855481,-87.66092405,-87.66068419,-87.67911638,-87.64457478,-87.65924353,-87.67864781,-87.68411245,-87.60359332,-87.60743842,-87.61425878,-87.59634803,-87.57549225,-87.71500945,-87.67693626,-87.71783267,-87.73115606,-87.66054857,-87.67811184,-87.64126755,-87.65622368,-87.68010402,-87.74640481,-87.80651882,-87.69346331,-87.7111029,-87.69345167,-87.63989292,-87.71148319,-87.65293556,-87.69499537,-87.71228605,-87.62354332,-87.61546504,-87.67294418,-87.59946839,-87.59303339,-87.69104836,-87.6163756,-87.56810696,-87.59663552,-87.5853577,-87.59677668,-87.63261848,-87.61465696,-87.63497928,-87.57484431,-87.60666673,-87.66195464,-87.5969266,-87.61380092,-87.67022532,-87.6711034,-87.67053719,-87.68919312,-87.6873577,-87.68836095,-87.68648645,-87.63339666,-87.55503391,-87.58449586,-87.57472221,-87.59445192,-87.61577069,-87.55550432,-87.63513227,-87.66228597,-87.62790667,-87.71965622,-87.71749481,-87.7369461,-87.75911194,-87.77689232,-87.78659513,-87.77676026,-87.78652862,-87.75563092,-87.75505445,-87.72577846,-87.67991063,-87.74454655,-87.69427007,-87.70355688,-87.65637312,-87.69270251,-87.65581255,-87.68222976,-87.67280573,-87.65317306,-87.67258801,-87.69435164,-87.70265084,-87.69971388,-87.72242277,-87.72186962,-87.72405194,-87.71241158,-87.64570816,-87.66156273,-87.71211035,-87.65279705,-87.67199127,-87.62247347,-87.65241948,-87.67184969,-87.74186626,-87.58641707,-87.64413471,-87.64060542,-87.64010016,-87.557987,-87.53876648,-87.55929807,-87.78577029,-87.74725771,-87.74700811,-87.69818739,-87.82644734,-87.82703861,-87.7854997,-87.74641385,-87.65654744,-87.63631675,-87.76815363,-87.7667332,-87.56489079,-87.70669784,-87.72913096,-87.71743646,-87.68082977,-87.66610493,-87.60353178,-87.53750593,-87.69601854,-87.72520914,-87.76495216,-87.67622849,-87.73537707,-87.61416788,-87.67350355,-87.67168297,-87.80386271,-87.72674327,-87.68881732,-87.56089481,-87.72586311,-87.74096442,-87.7027596,-87.71893839,-87.71693707,-87.73954848,-87.74006686,-87.72123073,-87.79612778,-87.80476607,-87.82296242,-87.83941694,-87.73333432,-87.73435844,-87.70329076,-87.66330012,-87.6051862,-87.59463655,-87.57305761,-87.72012199,-87.68880713,-87.69877453,-87.71814174,-87.61944812,-87.77429512,-87.62436779,-87.74706251,-87.70718778,-87.77447396,-87.78687917,-87.70188219,-87.79069131,-87.79833493,-87.78064142,-87.61355573,-87.73430815,-87.81563283,-87.81884349,-87.81836049,-87.83563273,-87.61572203,-87.65181292,-87.61622858,-87.68200464,-87.66626546,-87.64824487,-87.69359724,-87.70971622,-87.66613727,-87.68771497,-87.64806816,-87.65574911,-87.67328196,-87.66042568,-87.6608768,-87.623916,-87.67975539,-87.76518674,-87.71918261,-87.81563956,-87.70849706,-87.72724456,-87.65321224,-87.65079888,-87.67272937,-87.6736361,-87.6902754,-87.68739331,-87.70915863,-87.83383916,-87.68967064,-87.67067521,-87.61446493,-87.66218861,-87.62370133,-87.73145789,-87.70470874,-87.75293467,-87.72881273,-87.71259238,-87.69485252,-87.67254657,-87.67338005,-87.71470761,-87.75094608,-87.77230785,-87.79313302,-87.77423133,-87.7326656,-87.72981582,-87.69474402,-87.6829841,-87.65180721,-87.62630677,-87.6489489,-87.6318138,-87.61485696,-87.57881787,-87.55330692,-87.55940577,-87.54362246,-87.5329465,-87.53270716,-87.56309874,-87.54199382,-87.65482982,-87.65838339,-87.76682592,-87.80681997,-87.81760791,-87.75390556,-87.73829457,-87.67220873,-87.74205022,-87.77451326,-87.76445085,-87.75524669,-87.63911505,-87.65966317,-87.74858288,-87.69058358,-87.7661154,-87.66648975,-87.52582696,-87.67888576,-87.66004798,-87.70284665,-87.70573427,-87.70999098,-87.72866212,-87.80588147,-87.69474402,-87.69936454,-87.52481039,-87.74449916,-87.73666789,-87.75412504,-87.73764779,-87.79643847ESTIMATED LOCATION,"(41.88077079670, -87.63246380610)","(41.89682165290, -87.62401947060)","(41.82390904620, -87.62321473050)","(41.80915576300, -87.62434405390)","(41.79479689040, -87.60633871640)","(41.83885144310, -87.64394502040)","(41.79318214980, -87.58653364070)","(41.77152015420, -87.59102589200)","(41.76079443690, -87.56195325130)","(41.75193437490, -87.54698379840)","(41.91392278090, -87.64951322150)","(41.89592035870, -87.66965121920)","(41.92543429910, -87.64620448760)","(41.93992996020, -87.64860570860)","(41.92441760170, -87.74615290830)","(41.90776434080, -87.74455164090)","(41.88092595550, -87.72056878400)","(41.86633484530, -87.70272958960)","(41.86639671170, -87.72022085940)","(41.85167994720, -87.72094546160)","(41.80898132530, -87.64425059480)","(41.80871752900, -87.66610767600)","(41.80852834240, -87.68457933840)","(41.79443181040, -87.64767497500)","(41.79418559330, -87.66573314790)","(41.78020801410, -87.62358600180)","(41.77956602250, -87.64591776520)","(41.77928227450, -87.66541684710)","(41.76535723350, -87.64309600850)","(41.73721262700, -87.54876098600)","(41.73631941540, -87.64348778170)","(41.72631171560, -87.56562977700)","(41.71559140970, -87.55084647700)","(41.70289182000, -87.53761593190)","(41.70260193770, -87.52455516430)","(41.72828905280, -87.67454267950)","(41.70646985100, -87.67293806400)","(41.69009830710, -87.54114634340)","(41.68267367170, -87.54375373970)","(41.65903624160, -87.54829891320)","(41.65174719010, -87.54360224740)","(41.69263356690, -87.60607181370)","(41.67813444360, -87.62259217760)","(41.65175029970, -87.61710056080)","(41.82253460200, -87.70408454610)","(41.77905606710, -87.70329383070)","(41.75067465500, -87.70232076290)","(41.88078483590, -87.73540061660)","(41.92406670850, -87.80602184540)","(41.95273374270, -87.78646186220)","(41.96819046700, -87.65022602540)","(41.99712539370, -87.70923330230)","(42.01499532950, -87.67010282150)","(42.01194666060, -87.70877906070)","(41.72262411330, -87.54960344890)","(41.79285475900, -87.76115968810)","(41.77991886180, -87.76309694380)","(41.79042738040, -87.78304515570)","(41.79014916430, -87.80027194910)","(41.95896251230, -87.73688236000)","(41.94438406540, -87.73603985700)","(41.93072564060, -87.73913963160)","(41.91858340700, -87.75713944830)","(41.93244548290, -87.75391360810)","(41.94688730070, -87.75459500550)","(41.95885857540, -87.75479776170)","(41.95861397930, -87.77464588420)","(41.94482468630, -87.77394447990)","(41.92940534630, -87.77355719180)","(41.91815657650, -87.79889078410)","(41.92898839890, -87.79671113230)","(41.93632846000, -87.80522664590)","(41.94352974770, -87.79720179980)","(41.95081264410, -87.80612427950)","(41.96115544500, -87.69855480570)","(41.99085538420, -87.66092404660)","(42.00547928820, -87.66068419310)","(42.01932150000, -87.67911637880)","(41.94608015890, -87.64457478410)","(41.94726365640, -87.65924352750)","(41.94714731530, -87.67864781150)","(41.96144415790, -87.68411245150)","(41.70558809710, -87.60359331850)","(41.70023612250, -87.60743841920)","(41.72934986790, -87.61425878410)","(41.72941538150, -87.59634802500)","(41.73174778960, -87.57549224940)","(41.89037817890, -87.71500945480)","(41.90406741360, -87.67693626090)","(41.90244360490, -87.71783267070)","(41.90290133160, -87.73115605790)","(41.91976038050, -87.66054857290)","(41.91856695840, -87.67811183630)","(41.93298033810, -87.64126755150)","(41.93281908310, -87.65622367700)","(41.93402525640, -87.68010402330)","(41.96627207560, -87.74640481110)","(41.99695779230, -87.80651881800)","(41.87484307940, -87.69346331400)","(41.87459722550, -87.71110289990)","(41.86021946200, -87.69345167410)","(41.85743282520, -87.63989292360)","(41.85924339120, -87.71148319170)","(41.84222259580, -87.65293555520)","(41.84562583190, -87.69499537100)","(41.84474208880, -87.71228604520)","(41.85118029610, -87.62354331520)","(41.83133971170, -87.61546503620)","(41.83145112780, -87.67294418000)","(41.81797386180, -87.59946838600)","(41.81008738250, -87.59303338540)","(41.99820762330, -87.69104836220)","(41.81748232150, -87.61637560270)","(41.76728043260, -87.56810696190)","(41.80242601220, -87.59663551950)","(41.76430367300, -87.58535770070)","(41.78603336900, -87.59677668350)","(41.78729657140, -87.63261848170)","(41.77486569110, -87.61465696400)","(41.77288243070, -87.63497927810)","(41.75835570220, -87.57484431070)","(41.75313852470, -87.60666673050)","(41.73666583620, -87.66195463510)","(41.76043315640, -87.59692659680)","(41.75795428680, -87.61380091630)","(41.98423529300, -87.67022532110)","(41.96909222220, -87.67110340400)","(41.95451495230, -87.67053719270)","(41.96672040510, -87.68919312210)","(41.95345954630, -87.68735769960)","(41.91002308010, -87.68836094530)","(41.89672606490, -87.68648645320)","(41.75976144910, -87.63339665930)","(41.74637562840, -87.55503391090)","(41.73790083640, -87.58449585500)","(41.74487463230, -87.57472221320)","(41.74595989830, -87.59445192230)","(41.74567885140, -87.61577069450)","(41.73059723000, -87.55550431940)","(41.73089758390, -87.63513226910)","(41.75001836350, -87.66228596920)","(41.69987057420, -87.62790667290)","(41.97215126990, -87.71965622150)","(41.98827611790, -87.71749480990)","(41.97523536900, -87.73694610370)","(41.97550107790, -87.75911194320)","(41.97541685130, -87.77689232270)","(41.98320466640, -87.78659512520)","(41.99043200500, -87.77676026320)","(41.99638989790, -87.78652862480)","(41.90309499770, -87.75563091820)","(41.88924619230, -87.75505444830)","(41.87441364020, -87.72577846120)","(41.70674724710, -87.67991063060)","(41.87405253680, -87.74454654840)","(41.82924081520, -87.69427007080)","(41.81547365900, -87.70355687740)","(41.80837156810, -87.65637312200)","(41.80138069040, -87.69270251440)","(41.78646654940, -87.65581254730)","(41.77887103990, -87.68222975820)","(41.78643317660, -87.67280572540)","(41.77205322970, -87.65317306260)","(41.77173160920, -87.67258801300)","(41.77218256340, -87.69435163760)","(41.70440411170, -87.70265083830)","(41.69208531230, -87.69971387990)","(41.80732767250, -87.72242277200)","(41.79373888240, -87.72186961890)","(41.77808743440, -87.72405193730)","(41.78525607520, -87.71241157960)","(41.72092617560, -87.64570816470)","(41.72167181210, -87.66156273090)","(41.77252420940, -87.71211034560)","(41.75746277370, -87.65279704860)","(41.75560178120, -87.67199127050)","(41.73590004230, -87.62247346920)","(41.74340731240, -87.65241948040)","(41.74345972230, -87.67184968790)","(41.80812849580, -87.74186626410)","(41.72421218580, -87.58641706880)","(41.70745403460, -87.64413471450)","(41.67740176380, -87.64060541640)","(41.66185423700, -87.64010015820)","(41.65975373950, -87.55798700280)","(41.65899683920, -87.53876648080)","(41.68752963440, -87.55929806870)","(41.93918228680, -87.78577029490)","(41.93797382640, -87.74725770530)","(41.98678196760, -87.74700810920)","(41.97679782140, -87.69818738660)","(41.93794421570, -87.82644734180)","(41.95212601640, -87.82703860740)","(41.96895518010, -87.78549970140)","(41.89587429140, -87.74641385430)","(41.98405695030, -87.65654743880)","(41.92036732300, -87.63631674720)","(41.95358049510, -87.76815363140)","(41.89542567470, -87.76673319870)","(41.73756505080, -87.56489078630)","(41.95348830750, -87.70669783930)","(41.95385254150, -87.72913096240)","(41.93289292730, -87.71743646460)","(41.69287115560, -87.68082976890)","(41.82416419650, -87.66610493290)","(41.73693204170, -87.60353178030)","(41.71763839430, -87.53750593020)","(41.91603126040, -87.69601853880)","(41.90956708660, -87.72520914020)","(41.96811953560, -87.76495215700)","(41.88966631410, -87.67622849300)","(41.83729575320, -87.73537706700)","(41.80311461000, -87.61416787910)","(41.72088203750, -87.67350355430)","(41.73622121600, -87.67168297070)","(41.90984684770, -87.80386271220)","(41.96880090530, -87.72674326510)","(42.01256770050, -87.68881731970)","(41.70292718090, -87.56089480940)","(41.93877364950, -87.72586311250)","(41.77791011700, -87.74096442150)","(41.73889642640, -87.70275959580)","(41.73539260800, -87.71893839150)","(41.74916471850, -87.71693707000)","(41.73502138980, -87.73954847860)","(41.74970146200, -87.74006686460)","(41.76370480750, -87.72123073300)","(41.97712949540, -87.79612778120)","(41.97020855410, -87.80476607050)","(41.98325831920, -87.82296242080)","(41.95978405140, -87.83941694490)","(41.85096375290, -87.73333431710)","(41.86427493880, -87.73435843700)","(41.76249750840, -87.70329076100)","(41.76668442190, -87.66330012110)","(41.72266013280, -87.60518619650)","(41.71504237840, -87.59463654920)","(41.71515433310, -87.57305761300)","(41.70411422490, -87.72012198660)","(41.92539749560, -87.68880713350)","(41.93251468340, -87.69877452940)","(41.94826275220, -87.71814174120)","(41.79783484790, -87.61944811770)","(41.91995575730, -87.77429512490)","(41.76729022190, -87.62436779320)","(41.99690278040, -87.74706250510)","(41.96883132990, -87.70718778320)","(42.00622722580, -87.77447396380)","(42.01054440420, -87.78687916680)","(42.01905928370, -87.70188219140)","(41.78297457190, -87.79069131070)","(41.77690262180, -87.79833492700)","(41.77489590030, -87.78064141690)","(41.83777863130, -87.61355572560)","(41.80031450490, -87.73430814540)","(42.00412759990, -87.81563282770)","(42.01826387340, -87.81884348760)","(41.97355572060, -87.81836049090)","(41.97577326070, -87.83563273210)","(41.78766606610, -87.61572202710)","(41.68482631090, -87.65181292170)","(41.71462366900, -87.61622858260)","(41.85041129170, -87.68200464420)","(41.85316298230, -87.66626545710)","(41.85378013040, -87.64824486980)","(41.74293834230, -87.69359724350)","(41.74334998290, -87.70971621790)","(41.93892426500, -87.66613727100)","(41.94030913200, -87.68771496530)","(41.86728679330, -87.64806815720)","(41.85983541850, -87.65574910540)","(41.85958546540, -87.67328195510)","(41.84457045370, -87.66042567950)","(41.83802309100, -87.66087679870)","(41.75284673570, -87.62391600050)","(41.99096804690, -87.67975538680)","(41.93836285850, -87.76518673880)","(41.96135588240, -87.71918260900)","(41.94525687870, -87.81563956050)","(41.68134211350, -87.70849705760)","(41.89560327070, -87.72724456410)","(41.72853437580, -87.65321223750)","(41.69972327020, -87.65079888250)","(41.69960482020, -87.67272937230)","(41.71566554820, -87.67363609690)","(41.71170163340, -87.69027540190)","(41.70091509560, -87.68739330780)","(41.69698278590, -87.70915863170)","(41.94456936150, -87.83383915620)","(41.68637671820, -87.68967063700)","(41.68479177200, -87.67067520700)","(41.68566500970, -87.61446492710)","(41.70689240850, -87.66218861390)","(41.70631599580, -87.62370132500)","(41.74186541640, -87.73145789240)","(41.92457055410, -87.70470873560)","(41.81300352450, -87.75293467470)","(41.81498328890, -87.72881272990)","(41.81523200560, -87.71259238040)","(41.81365690590, -87.69485251840)","(41.81527639600, -87.67254656700)","(41.80152627380, -87.67338005410)","(41.80055571840, -87.71470761010)","(41.80015401200, -87.75094607960)","(41.79821577300, -87.77230785350)","(41.79943788350, -87.79313302010)","(41.78343485890, -87.77423132520)","(41.78608308070, -87.73266560410)","(41.77151462200, -87.72981582150)","(41.78674742400, -87.69474401670)","(41.73564088250, -87.68298410040)","(41.71435503360, -87.65180720820)","(41.72140980340, -87.62630676940)","(41.67236670910, -87.64894890050)","(41.67058118400, -87.63181379870)","(41.64465283810, -87.61485695900)","(41.65948818820, -87.57881786830)","(41.65437689180, -87.55330692090)","(41.67534835130, -87.55940576980)","(41.69738532560, -87.54362245580)","(41.69562321000, -87.53294649540)","(41.70998516300, -87.53270716070)","(41.71527533830, -87.56309874380)","(41.74472669280, -87.54199381680)","(41.79968138410, -87.65482981540)","(41.87216766280, -87.65838339060)","(41.90980920050, -87.76682591830)","(42.01074792350, -87.80681997040)","(41.99793236000, -87.81760791250)","(41.99168352320, -87.75390555670)","(41.99037275850, -87.73829457460)","(41.99821694740, -87.67220873340)","(41.81483035700, -87.74205021900)","(41.88792651560, -87.77451326070)","(41.87377022680, -87.76445084930)","(41.87019490430, -87.75524668730)","(41.89079953660, -87.63911505420)","(41.90358552530, -87.65966317130)","(41.98008679510, -87.74858287500)","(41.98348625600, -87.69058357630)","(41.99961667130, -87.76611540040)","(41.88340980400, -87.66648975240)","(41.70232532150, -87.52582695950)","(41.67945921750, -87.67888576300)","(41.67557692450, -87.66004797570)","(41.80851657320, -87.70284664650)","(41.91043751300, -87.70573426740)","(41.98289062780, -87.70999097540)","(41.98424664120, -87.72866211620)","(41.98144620260, -87.80588147240)","(41.78674742400, -87.69474401670)","(41.94709377100, -87.69936453830)","(41.69170951270, -87.52481039340)","(41.94711985070, -87.74449916200)","(41.95168003850, -87.73666788620)","(41.93788124680, -87.75412503520)","(41.92258219050, -87.73764778940)","(41.92547200430, -87.79643846670)"